-- MySQL dump 10.13  Distrib 8.0.18, for Win64 (x86_64)
--
-- Host: 127.0.0.1    Database: lw
-- ------------------------------------------------------
-- Server version	8.0.18

/*!40101 SET @OLD_CHARACTER_SET_CLIENT=@@CHARACTER_SET_CLIENT */;
/*!40101 SET @OLD_CHARACTER_SET_RESULTS=@@CHARACTER_SET_RESULTS */;
/*!40101 SET @OLD_COLLATION_CONNECTION=@@COLLATION_CONNECTION */;
/*!50503 SET NAMES utf8mb4 */;
/*!40103 SET @OLD_TIME_ZONE=@@TIME_ZONE */;
/*!40103 SET TIME_ZONE='+00:00' */;
/*!40014 SET @OLD_UNIQUE_CHECKS=@@UNIQUE_CHECKS, UNIQUE_CHECKS=0 */;
/*!40014 SET @OLD_FOREIGN_KEY_CHECKS=@@FOREIGN_KEY_CHECKS, FOREIGN_KEY_CHECKS=0 */;
/*!40101 SET @OLD_SQL_MODE=@@SQL_MODE, SQL_MODE='NO_AUTO_VALUE_ON_ZERO' */;
/*!40111 SET @OLD_SQL_NOTES=@@SQL_NOTES, SQL_NOTES=0 */;

--
-- Table structure for table `authors`
--

DROP TABLE IF EXISTS `authors`;
/*!40101 SET @saved_cs_client     = @@character_set_client */;
/*!50503 SET character_set_client = utf8mb4 */;
CREATE TABLE `authors` (
  `id` mediumint(9) NOT NULL AUTO_INCREMENT,
  `surname` varchar(20) NOT NULL,
  `name` varchar(20) NOT NULL,
  `patronymic` varchar(20) DEFAULT NULL,
  PRIMARY KEY (`id`)
) ENGINE=InnoDB AUTO_INCREMENT=10 DEFAULT CHARSET=utf8mb4 COLLATE=utf8mb4_0900_ai_ci;
/*!40101 SET character_set_client = @saved_cs_client */;

--
-- Dumping data for table `authors`
--

/*!40000 ALTER TABLE `authors` DISABLE KEYS */;
INSERT INTO `authors` VALUES (1,'Толстой','Лев','Николаевич'),(2,'Достоевский','Федор','Михайлович'),(3,'Пушкин','Александр','Сергеевич'),(4,'Чехов','Антон','Павлович'),(5,'Макмахон','Дженнифер',NULL),(6,'Дилан','Боб',NULL),(7,'Гейман','Нил',NULL),(8,'Ильф','Илья',NULL),(9,'Петров','Евгений',NULL);
/*!40000 ALTER TABLE `authors` ENABLE KEYS */;

--
-- Table structure for table `book_catalog`
--

DROP TABLE IF EXISTS `book_catalog`;
/*!40101 SET @saved_cs_client     = @@character_set_client */;
/*!50503 SET character_set_client = utf8mb4 */;
CREATE TABLE `book_catalog` (
  `edition_code` varchar(10) NOT NULL,
  `name` varchar(80) NOT NULL,
  `publisher` varchar(25) NOT NULL,
  `publishment_year` decimal(4,0) NOT NULL,
  `pages` decimal(4,0) DEFAULT NULL,
  `comment` varchar(40) DEFAULT 'Сборник',
  PRIMARY KEY (`edition_code`)
) ENGINE=InnoDB DEFAULT CHARSET=utf8mb4 COLLATE=utf8mb4_0900_ai_ci;
/*!40101 SET character_set_client = @saved_cs_client */;

--
-- Dumping data for table `book_catalog`
--

/*!40000 ALTER TABLE `book_catalog` DISABLE KEYS */;
INSERT INTO `book_catalog` VALUES ('edition001','War and Peace','Росмен',1999,2438,'Сборник'),('edition002','Преступление и наказание','Росмен',2003,812,'Сборник'),('edition003','Идиот','Росмен',2005,786,'Сборник'),('edition004','Рассказы для детей','Детские книги',2012,132,'Сборник'),('edition005','Вам меня не испугать','Эксмо',2017,390,'Сборник'),('edition006','Хроники','Эксмо',2017,340,'Сборник'),('edition007','Скандинавские боги','АСТ',2018,190,'Сборник'),('edition008','Вишневый сад','Русбук',2005,64,'Сборник'),('edition009','Три сестры','Русская пьеса',2013,92,'Сборник'),('edition010','Дядя Ваня','Русская пьеса',2011,38,'Сборник'),('edition011','Сказки Пушкина','Детство',2016,93,'Сборник'),('edition012','Двенадцать стульев','Время',1998,448,'Сборник'),('edition013','Остров мира','Pub',1972,69,'Сборник');
/*!40000 ALTER TABLE `book_catalog` ENABLE KEYS */;

--
-- Table structure for table `content`
--

DROP TABLE IF EXISTS `content`;
/*!40101 SET @saved_cs_client     = @@character_set_client */;
/*!50503 SET character_set_client = utf8mb4 */;
CREATE TABLE `content` (
  `id` mediumint(9) NOT NULL AUTO_INCREMENT,
  `product` mediumint(9) NOT NULL,
  `book` varchar(10) NOT NULL,
  PRIMARY KEY (`id`)
) ENGINE=InnoDB AUTO_INCREMENT=22 DEFAULT CHARSET=utf8mb4 COLLATE=utf8mb4_0900_ai_ci;
/*!40101 SET character_set_client = @saved_cs_client */;

--
-- Dumping data for table `content`
--

/*!40000 ALTER TABLE `content` DISABLE KEYS */;
INSERT INTO `content` VALUES (1,1,'edition001'),(2,2,'edition002'),(3,3,'edition003'),(4,4,'edition004'),(5,5,'edition004'),(6,6,'edition004'),(7,7,'edition005'),(8,8,'edition007'),(9,9,'edition006'),(10,10,'edition011'),(11,11,'edition011'),(12,11,'edition004'),(13,13,'edition009'),(14,14,'edition010'),(15,15,'edition008'),(16,12,'edition011'),(18,16,'edition012'),(19,17,'edition013');
/*!40000 ALTER TABLE `content` ENABLE KEYS */;

--
-- Table structure for table `product_authors`
--

DROP TABLE IF EXISTS `product_authors`;
/*!40101 SET @saved_cs_client     = @@character_set_client */;
/*!50503 SET character_set_client = utf8mb4 */;
CREATE TABLE `product_authors` (
  `id` mediumint(9) NOT NULL AUTO_INCREMENT,
  `product` mediumint(9) NOT NULL,
  `author` mediumint(9) DEFAULT NULL,
  PRIMARY KEY (`id`)
) ENGINE=InnoDB AUTO_INCREMENT=26 DEFAULT CHARSET=utf8mb4 COLLATE=utf8mb4_0900_ai_ci;
/*!40101 SET character_set_client = @saved_cs_client */;

--
-- Dumping data for table `product_authors`
--

/*!40000 ALTER TABLE `product_authors` DISABLE KEYS */;
INSERT INTO `product_authors` VALUES (1,1,1),(2,2,2),(3,3,2),(7,7,5),(8,8,7),(9,9,6),(10,10,3),(11,11,3),(12,12,3),(13,13,4),(14,14,4),(15,15,4),(16,16,8),(17,16,9),(18,17,9);
/*!40000 ALTER TABLE `product_authors` ENABLE KEYS */;

--
-- Table structure for table `products`
--

DROP TABLE IF EXISTS `products`;
/*!40101 SET @saved_cs_client     = @@character_set_client */;
/*!50503 SET character_set_client = utf8mb4 */;
CREATE TABLE `products` (
  `id` mediumint(9) NOT NULL AUTO_INCREMENT,
  `title` varchar(30) NOT NULL,
  `type` varchar(20) NOT NULL,
  PRIMARY KEY (`id`)
) ENGINE=InnoDB AUTO_INCREMENT=3018 DEFAULT CHARSET=utf8mb4 COLLATE=utf8mb4_0900_ai_ci;
/*!40101 SET character_set_client = @saved_cs_client */;

--
-- Dumping data for table `products`
--

/*!40000 ALTER TABLE `products` DISABLE KEYS */;
INSERT INTO `products` VALUES (1,'Война и мир','Роман'),(2,'Преступление и наказание','Роман'),(3,'Идиот','Роман'),(4,'Колобок','Сказка'),(5,'Курочка Ряба','Сказка'),(6,'Репка','Сказка'),(7,'Вам меня не испугать','Роман'),(8,'Скандинавские боги','Роман'),(9,'Хроники','Биография'),(10,'Сказка о царе Салтане','Сказка'),(11,'У лукоморья дуб зелёный','Сказка'),(12,'Сказка о рыбаке и рыбке','Сказка'),(13,'Три сестры','Пьеса'),(14,'Дядя Ваня','Пьеса'),(15,'Вишневый сад','Пьеса'),(16,'Двенадцать стульев','Роман'),(17,'Остров мира','Пьесса'),(18,'Dpuvp olrhcq','Роман'),(19,'Pvyxh qyveyn','Сказка'),(20,'Vbdan gibknb','Роман'),(21,'Gvccn qhbghq','Роман'),(22,'Yhrhx nxhtpg','Сказка'),(23,'Cdjvb zpjdzh','Роман'),(24,'Nzvho nadbqs','Роман'),(25,'Dbqyf kmlcjc','Сказка'),(26,'Spjoe cpwqid','Сказка'),(27,'Ztxgt wpundl','Сказка'),(28,'Kwbeq tcvshv','Сказка'),(29,'Sltic tpxvki','Сказка'),(30,'Zwbyk ehfymo','Сказка'),(31,'Ipsoi dzpnrt','Роман'),(32,'Jumpb ngbcow','Роман'),(33,'Bucsb rneixm','Роман'),(34,'Phcmz qcluov','Сказка'),(35,'Yhaxy msoglf','Сказка'),(36,'Wohqu rkabkr','Роман'),(37,'Lwvai mnnnxx','Роман'),(38,'Noikd fbfcbt','Сказка'),(39,'Zlkgu rwfjvf','Сказка'),(40,'Nvmrv mwcfhh','Сказка'),(41,'Guckw uhmgfi','Сказка'),(42,'Lzzwf smdtsx','Роман'),(43,'Mqxog ilyiux','Сказка'),(44,'Iposl dqtcpr','Роман'),(45,'Lhzvi rybqno','Роман'),(46,'Uynjf ysgcvp','Сказка'),(47,'Krtry xupywa','Сказка'),(48,'Yjxme wyksfn','Сказка'),(49,'Upfre iisfmv','Роман'),(50,'Dwges tevxyn','Роман'),(51,'Dtbbc dszpvh','Сказка'),(52,'Tlfov iqujnu','Сказка'),(53,'Yiiud bgxlxm','Роман'),(54,'Mfcdj rpjiwr','Сказка'),(55,'Uqnuv zgoxdy','Роман'),(56,'Roaas pjeagx','Роман'),(57,'Odgsf woarcj','Сказка'),(58,'Avuza nltmxc','Роман'),(59,'Rodoh tfvvrx','Роман'),(60,'Trcdi quutbh','Роман'),(61,'Lhjyi mxvfkp','Сказка'),(62,'Ysrka hveryj','Роман'),(63,'Yyagm mxczeq','Роман'),(64,'Wvfcl jdeurz','Роман'),(65,'Gsrsc kjwfwp','Сказка'),(66,'Yhzdu tqjnae','Роман'),(67,'Pxijo dngkfc','Роман'),(68,'Ygcvh hyaadg','Роман'),(69,'Czwrd xtgbpa','Роман'),(70,'Laagt iakifw','Сказка'),(71,'Wcnkt ofvgcz','Роман'),(72,'Qlyvm wavtxt','Роман'),(73,'Pqnrn bzyivh','Сказка'),(74,'Ahdpf zxnclp','Сказка'),(75,'Oaizo rpnfjs','Роман'),(76,'Bmjwj egpcrr','Сказка'),(77,'Rttzp qkijdg','Роман'),(78,'Mamsn fbmqkw','Роман'),(79,'Iyzkx kasnrs','Роман'),(80,'Czrwb gfvofw','Роман'),(81,'Rbkat ytooug','Сказка'),(82,'Bxfaz ocrsrd','Роман'),(83,'Wjlod xhsqfl','Сказка'),(84,'Jvakn rpymus','Сказка'),(85,'Oheqx mqrewd','Сказка'),(86,'Zzbxj pzhonh','Сказка'),(87,'Pogug nszhql','Сказка'),(88,'Vusku bmqlum','Сказка'),(89,'Uujth pvjgwj','Роман'),(90,'Mgrzy khbdcb','Сказка'),(91,'Ibcbo qtnxqz','Сказка'),(92,'Jjfjg tltlqw','Роман'),(93,'Oqhtn vcjrlu','Роман'),(94,'Nhdss thezjm','Сказка'),(95,'Ftkwk jicliy','Сказка'),(96,'Grsdm cvskxt','Сказка'),(97,'Vtcsr lfsyhx','Роман'),(98,'Eahwv xlbkzl','Роман'),(99,'Eaxaa tcsaoh','Роман'),(100,'Oizun cvuxds','Роман'),(101,'Gudyx vccppv','Сказка'),(102,'Towud gwfupj','Сказка'),(103,'Rmjjd nlbicc','Сказка'),(104,'Aholm mgeuuz','Роман'),(105,'Vyuyc jtnclh','Роман'),(106,'Xqrhp zncwzm','Сказка'),(107,'Tcojq lytevg','Роман'),(108,'Bxgvb omieij','Сказка'),(109,'Alwbm qggcsg','Сказка'),(110,'Wnfit bwdwct','Сказка'),(111,'Kauko amxjpp','Роман'),(112,'Uxyht gdvyno','Сказка'),(113,'Aqobn lgvoif','Сказка'),(114,'Cainw mgdkby','Сказка'),(115,'Kmlzy obbclt','Роман'),(116,'Ipdkq nfbzvg','Сказка'),(117,'Eyhok xcseoi','Сказка'),(118,'Zvlgp sluosk','Роман'),(119,'Ptiui wxcllc','Сказка'),(120,'Ecexo xjvrxc','Сказка'),(121,'Shpdr ifqsqr','Сказка'),(122,'Szifh lxgtje','Сказка'),(123,'Uusxd uximqd','Роман'),(124,'Vwvfz gguvir','Роман'),(125,'Gpapw thomdp','Роман'),(126,'Ovsfl ekbohf','Роман'),(127,'Ojtno dowuiv','Сказка'),(128,'Sijaf bpdwex','Сказка'),(129,'Qirpw jtmjkp','Сказка'),(130,'Yzfyp bdpeql','Сказка'),(131,'Soycv ojayqv','Сказка'),(132,'Jltxt ugnkqq','Сказка'),(133,'Utkhc aquehd','Роман'),(134,'Hxzts oqifak','Роман'),(135,'Rxfux ojphvc','Роман'),(136,'Lxfyy hxqrnq','Роман'),(137,'Pknby vnifvw','Сказка'),(138,'Vjqbd myghqj','Роман'),(139,'Hjpqv cexhvp','Сказка'),(140,'Ymnfa ajjvty','Сказка'),(141,'Rfgvk gcxkrn','Сказка'),(142,'Gourz fsgbhm','Сказка'),(143,'Sxhzu tcjjex','Роман'),(144,'Tqzar vybinq','Сказка'),(145,'Lekyj gfhesm','Роман'),(146,'Qehog nuhjoj','Роман'),(147,'Fhjmc aqrvnt','Роман'),(148,'Qugxh wtkgqv','Сказка'),(149,'Ouigm vmakjp','Роман'),(150,'Mqehj ixsdhb','Сказка'),(151,'Ecsfu qpqann','Роман'),(152,'Kkuti wdpsav','Роман'),(153,'Vkhxu upbvso','Роман'),(154,'Iqojt bcgfba','Роман'),(155,'Vcghj okjkzg','Роман'),(156,'Ysjyq shuzhz','Роман'),(157,'Qeujh lgdzis','Сказка'),(158,'Ypaaw mctner','Сказка'),(159,'Zxmer ieukso','Сказка'),(160,'Iivda oaeulu','Роман'),(161,'Jyaxj izovdr','Сказка'),(162,'Thwla culqpe','Сказка'),(163,'Prrry dbeyak','Роман'),(164,'Nbnwt sbfyvv','Роман'),(165,'Stuah bupuni','Сказка'),(166,'Osnse gmilyq','Роман'),(167,'Rqhwz pqqguw','Сказка'),(168,'Zkaix fxcoqa','Сказка'),(169,'Hfypl qriqpn','Роман'),(170,'Rlzop ydsqli','Роман'),(171,'Ubakj felybo','Сказка'),(172,'Sxrai udlfos','Роман'),(173,'Ioiaf cviqpb','Сказка'),(174,'Hwcib padpub','Роман'),(175,'Jueim erloqh','Роман'),(176,'Arojt ckfkkk','Сказка'),(177,'Tglsj yykbrp','Роман'),(178,'Nxohs oikiyn','Роман'),(179,'Enwvf uhdytz','Сказка'),(180,'Yxdrn jtwivk','Роман'),(181,'Mbfkg mzjmpn','Роман'),(182,'Sxjxv yhxmov','Роман'),(183,'Nymmd yamowj','Роман'),(184,'Qrmbt yykrlv','Роман'),(185,'Bddsn htkpck','Роман'),(186,'Vfyob qqiexg','Сказка'),(187,'Wdvcz bcpttb','Сказка'),(188,'Kazbo fvojvi','Сказка'),(189,'Qkwag cfxhug','Роман'),(190,'Hxeje oqbhfg','Роман'),(191,'Cqmqk fjezbx','Роман'),(192,'Swvqe lqerxx','Сказка'),(193,'Euwfr dzpups','Роман'),(194,'Rphcz tikkoo','Роман'),(195,'Yepmo ftjbsw','Сказка'),(196,'Spgca ijsdzu','Роман'),(197,'Fizzk hfffbm','Роман'),(198,'Vowgm lmedpd','Роман'),(199,'Tulch kqfcqr','Роман'),(200,'Gcymz itfqbd','Сказка'),(201,'Reczi fldcjy','Сказка'),(202,'Vgpgr dvbspi','Роман'),(203,'Ouyps zwmagv','Сказка'),(204,'Aapag fnaskm','Сказка'),(205,'Srrqj mcriia','Сказка'),(206,'Vppvo gpamjn','Сказка'),(207,'Xnzxw wrhsgl','Роман'),(208,'Luqgh wcwtye','Сказка'),(209,'Lvcao uzpext','Сказка'),(210,'Mvhzo cehzox','Сказка'),(211,'Ukkcp gierjt','Роман'),(212,'Psoay cadppo','Сказка'),(213,'Zfzkk vltqus','Роман'),(214,'Skcrc uzohhx','Роман'),(215,'Rqvbu uhqxhy','Сказка'),(216,'Cwteq ctevln','Роман'),(217,'Qzpxv gtntvh','Сказка'),(218,'Vxgai vxjlks','Сказка'),(219,'Zjxwi ngtlvf','Сказка'),(220,'Hakiv ksrjcu','Роман'),(221,'Uqequ wrpnih','Сказка'),(222,'Fjtff yqtoqn','Сказка'),(223,'Onwii aulkkg','Сказка'),(224,'Sbisi vswvpe','Сказка'),(225,'Jmymi yiseyg','Сказка'),(226,'Befai kprial','Роман'),(227,'Bksyn ozubec','Сказка'),(228,'Nfcip qhrmbu','Роман'),(229,'Ryfvu kpnueh','Роман'),(230,'Ilmbd mdbcdg','Сказка'),(231,'Qyqvh iksaqx','Сказка'),(232,'Yqgew dkmtlk','Сказка'),(233,'Sqvdh zhjeqt','Роман'),(234,'Jbgma xneyxi','Сказка'),(235,'Niaek akjtws','Сказка'),(236,'Saoqv vsylsr','Сказка'),(237,'Gwlkm pogbtz','Роман'),(238,'Lraqq klyppg','Роман'),(239,'Dikdb hkelql','Сказка'),(240,'Bepfb akkfqy','Сказка'),(241,'Evjyn preicj','Сказка'),(242,'Zikxl ricsuy','Сказка'),(243,'Knspq wdvwke','Сказка'),(244,'Egeuo gbpxse','Роман'),(245,'Cfaan ofmjji','Роман'),(246,'Xoksg xpptoe','Роман'),(247,'Xlfho mpfldq','Роман'),(248,'Clnjc xqmnsv','Сказка'),(249,'Mqfkw osqfyd','Сказка'),(250,'Hnlbh amrvcj','Роман'),(251,'Okfpg zeczxe','Роман'),(252,'Cvyoh hlqutf','Роман'),(253,'Ygrsx tnetyw','Роман'),(254,'Vbtrl wyixpz','Сказка'),(255,'Ypfxq ldcukb','Роман'),(256,'Iobfx nxlkrb','Сказка'),(257,'Bhvki oqdrut','Роман'),(258,'Ztsdd jloejd','Сказка'),(259,'Pchen vfvist','Сказка'),(260,'Vsckp niryra','Сказка'),(261,'Kbwiv jjgkdi','Сказка'),(262,'Qujxy durbya','Роман'),(263,'Vvnjl xidutc','Сказка'),(264,'Rejcn mitdco','Сказка'),(265,'Wjwwf sovxqa','Сказка'),(266,'Yszjb vncqjp','Роман'),(267,'Yycos tebams','Сказка'),(268,'Kwrjf zdqxsb','Сказка'),(269,'Aaips xgsoth','Сказка'),(270,'Rnnpw fqgqnx','Роман'),(271,'Lkjsm wxlajs','Сказка'),(272,'Qemxe wstvlv','Сказка'),(273,'Cqwiz igddyl','Роман'),(274,'Fjscw phrzgi','Роман'),(275,'Kvxwg wyydie','Роман'),(276,'Aeqdn xrllqd','Роман'),(277,'Ufdfe msnalk','Роман'),(278,'Jjvpc rvvgxd','Сказка'),(279,'Kbpxa nnlbbi','Роман'),(280,'Gbjeb opulsq','Сказка'),(281,'Caskg vnvjyg','Роман'),(282,'Bxypa bqwbjo','Сказка'),(283,'Yfcxj tuivyp','Сказка'),(284,'Olmba ohetjz','Роман'),(285,'Eupnz ftzmqq','Сказка'),(286,'Exgiy zjzecb','Роман'),(287,'Uxuox wsyuco','Роман'),(288,'Zntim nuyfgd','Сказка'),(289,'Cunjg jpjecg','Сказка'),(290,'Lribp qfcssv','Сказка'),(291,'Uacrk wbnwyw','Роман'),(292,'Wdeid xjcmne','Сказка'),(293,'Klmdv kwolhy','Роман'),(294,'Epfvy rzouxo','Сказка'),(295,'Miawl fghkjm','Роман'),(296,'Gpqvo nadttq','Роман'),(297,'Kapnm tzbqcv','Роман'),(298,'Mhdlv towbmq','Роман'),(299,'Fmwgm mwmzva','Сказка'),(300,'Gqhpn wuigwc','Сказка'),(301,'Ylvcv ioyiaj','Сказка'),(302,'Ylzww hkhosv','Сказка'),(303,'Tzvcw kjxebo','Сказка'),(304,'Bskyd iqjpej','Сказка'),(305,'Ooohu dyttaw','Сказка'),(306,'Akbtd binsac','Сказка'),(307,'Ohxtp eqpgcu','Роман'),(308,'Delss efsitf','Сказка'),(309,'Hdfaq awypsv','Роман'),(310,'Oelfa xmwclr','Сказка'),(311,'Cjvim ojjyqa','Роман'),(312,'Fwvrt xfhjez','Роман'),(313,'Woeam knktco','Сказка'),(314,'Zhiar mkmehp','Роман'),(315,'Btrdu xoicvf','Роман'),(316,'Csxij eyzizq','Роман'),(317,'Trxav aidcyg','Сказка'),(318,'Glbjs hvjilt','Сказка'),(319,'Iktod musmuk','Сказка'),(320,'Vfpkl izmwep','Роман'),(321,'Qroyc idxssn','Роман'),(322,'Dzzap fawetj','Сказка'),(323,'Qecoy kicctd','Роман'),(324,'Fhqhs ppkoyk','Сказка'),(325,'Trrrs ysmeiu','Роман'),(326,'Yobpo kxkmca','Сказка'),(327,'Wrtfa eekinp','Роман'),(328,'Rmbzs sspmxy','Роман'),(329,'Mrrll smxbhw','Сказка'),(330,'Ehikb czfrlc','Роман'),(331,'Nngbi iluvgt','Сказка'),(332,'Bxmze ujziug','Роман'),(333,'Vfzpn lvowek','Сказка'),(334,'Nqsqr olntqr','Сказка'),(335,'Ydxyx xurjsw','Роман'),(336,'Ojpin dihrko','Сказка'),(337,'Fxvvw kgmbld','Роман'),(338,'Jecsu ljuxcf','Сказка'),(339,'Odlly eicosi','Роман'),(340,'Yhbea phhiok','Роман'),(341,'Gkngo sqntfm','Сказка'),(342,'Nzdns pbsfqw','Роман'),(343,'Nzeex dvyhqi','Сказка'),(344,'Yeuyq tafmfr','Сказка'),(345,'Gpvax yvbtiw','Сказка'),(346,'Idgir ktcvai','Роман'),(347,'Ndhvj sishtq','Сказка'),(348,'Pkhzj ktwpkg','Роман'),(349,'Oiluf csegqx','Роман'),(350,'Ezofj muxwrw','Роман'),(351,'Hxbbp bgcvqn','Сказка'),(352,'Afafm wtmrtk','Сказка'),(353,'Qhzwn xvlcuc','Сказка'),(354,'Ristb xrfkis','Сказка'),(355,'Jruyz qdjnaf','Сказка'),(356,'Lzwbn qurkhe','Роман'),(357,'Rouhj xcbcif','Роман'),(358,'Qartd cwqheu','Сказка'),(359,'Xhvjs tllepy','Роман'),(360,'Ueqmn jnwhvh','Роман'),(361,'Msgbn jzpnjf','Роман'),(362,'Xquef ezwiul','Сказка'),(363,'Yjynv raibje','Сказка'),(364,'Syuud lnxbkq','Роман'),(365,'Benil xbysvx','Роман'),(366,'Vcgdw dslgoc','Роман'),(367,'Vfney fdpzpa','Сказка'),(368,'Mxfbz wacicd','Роман'),(369,'Wydxk vcrlnp','Роман'),(370,'Mkspp gzwfme','Роман'),(371,'Wedtj bcmuau','Роман'),(372,'Ynciu rssvdq','Сказка'),(373,'Zcuah dxjvrk','Роман'),(374,'Hluax htplyg','Роман'),(375,'Nledg qxsirl','Сказка'),(376,'Hrvtz iixgkv','Сказка'),(377,'Fxpuh gcjixx','Роман'),(378,'Nblrb mthort','Сказка'),(379,'Bgllm xovcij','Сказка'),(380,'Ommpy pihwwz','Роман'),(381,'Erccg vbutau','Сказка'),(382,'Ujgez cndagb','Роман'),(383,'Hixdo yagozm','Роман'),(384,'Jnhvo dpxlgm','Сказка'),(385,'Opyvn rdobnq','Сказка'),(386,'Gwfwc zdwynv','Сказка'),(387,'Krqyj snvvxb','Роман'),(388,'Ywgyv rqbryc','Роман'),(389,'Vhnvl zvknit','Роман'),(390,'Slcqc jivuea','Сказка'),(391,'Wwjkj vqofxw','Роман'),(392,'Zwtdc uybspn','Роман'),(393,'Mnlqt bacelq','Роман'),(394,'Eaoey otmveo','Сказка'),(395,'Xmson wnrdrt','Роман'),(396,'Ijdqt trbhvn','Роман'),(397,'Ewkig eoviod','Сказка'),(398,'Mpxxr vzuwfo','Сказка'),(399,'Dklqu pjvwsb','Сказка'),(400,'Mqbgq xwhari','Роман'),(401,'Mbynv zooinb','Сказка'),(402,'Bipdd ctuget','Роман'),(403,'Lnzgr nyiwix','Сказка'),(404,'Rjhju xndjwy','Сказка'),(405,'Eehfx hxlikc','Роман'),(406,'Nfkdt hhjldj','Роман'),(407,'Yspei gakqha','Сказка'),(408,'Ndleu ptdnuk','Сказка'),(409,'Hevla voyowm','Роман'),(410,'Wmzvn wmgoti','Роман'),(411,'Lvbde qishzj','Роман'),(412,'Ffuvh gkkjze','Сказка'),(413,'Oyugc iqaefy','Сказка'),(414,'Bykeu eemzum','Роман'),(415,'Qrjjv qmhtfc','Сказка'),(416,'Vahae khsbos','Сказка'),(417,'Piuuo qbivyv','Сказка'),(418,'Jhnut diilce','Сказка'),(419,'Dkoeh afxmdf','Сказка'),(420,'Ehjkx kydwlg','Роман'),(421,'Ccyiv xfuozo','Сказка'),(422,'Oiwqi xdibdi','Роман'),(423,'Hexxc kizasd','Сказка'),(424,'Dzaan nxutmn','Роман'),(425,'Phsee xnqrtv','Роман'),(427,'Wppir nhkgoq','Роман'),(428,'Lppdf pvoosj','Роман'),(429,'Vcuyj gfziql','Сказка'),(430,'Ppmsj oakzzh','Роман'),(431,'Bkntb iyxyqr','Сказка'),(432,'Yqtqh wothbh','Сказка'),(433,'Bklky rxgefh','Сказка'),(434,'Gxxzg xbgzxv','Сказка'),(435,'Sduul kdvcbc','Роман'),(436,'Ehyga kiuipo','Роман'),(437,'Hwhgq vrzbvx','Сказка'),(438,'Mwrxc qpjjlm','Роман'),(439,'Orrwq lfctin','Сказка'),(440,'Skypu intxyd','Сказка'),(441,'Cxmlz faofre','Сказка'),(442,'Ydodw mydonk','Сказка'),(443,'Mtyps jvwxqu','Сказка'),(444,'Vmkrx nusnwu','Сказка'),(445,'Dtxnd hvejcv','Сказка'),(446,'Uzrsw jehywu','Сказка'),(447,'Yajav nauszu','Роман'),(448,'Gzitw bsuujb','Роман'),(449,'Jfvue otipha','Роман'),(450,'Swjrs uxfucm','Роман'),(451,'Wergl uzctga','Сказка'),(452,'Sbevd vdffxs','Роман'),(453,'Exsiy adddjp','Роман'),(454,'Lxnks jgzraa','Сказка'),(455,'Koghp gfcfav','Сказка'),(456,'Lmpfk lxhrma','Сказка'),(457,'Tgelc uijsbp','Роман'),(458,'Kvxbf rkhuae','Роман'),(459,'Xxzgl bstctm','Сказка'),(460,'Knkrq ovdsbv','Роман'),(461,'Uqnps vwkfcf','Роман'),(462,'Tdcgq conbmn','Роман'),(463,'Ettwq pyyqsv','Роман'),(464,'Tvlzs xgrxrz','Роман'),(465,'Pykrw yylkkp','Сказка'),(466,'Obrnq juflyq','Роман'),(467,'Iqgbv qjefyt','Роман'),(468,'Burlc wxxhdp','Роман'),(469,'Pfbbz wuwzcn','Сказка'),(470,'Lgwtw jywihe','Сказка'),(471,'Iqyla rssbyc','Сказка'),(472,'Sxdiv jwhwyy','Сказка'),(473,'Ydggu jiaoea','Роман'),(474,'Iehby ievmpr','Сказка'),(475,'Afvnm hoaxeb','Роман'),(476,'Ibvob vhcvzx','Роман'),(477,'Jppmd yiijmb','Сказка'),(478,'Aytbl ilaaii','Роман'),(479,'Urzlg ovvqgd','Роман'),(480,'Geqxq gaqsja','Сказка'),(481,'Ecnzr asnesz','Сказка'),(482,'Udwko nwbcon','Сказка'),(483,'Gopbg nsfbar','Сказка'),(484,'Abxzr sigywj','Роман'),(485,'Yfihh wiyjjd','Сказка'),(486,'Vgsgo zrfwjc','Роман'),(487,'Dxmea oylklv','Роман'),(488,'Tcctk qtiweg','Сказка'),(489,'Kdcoj wujmju','Роман'),(490,'Nymja hwdfvz','Роман'),(491,'Ldzyr gspwor','Сказка'),(492,'Fgxcf gecoyy','Роман'),(493,'Pmgag ppcewi','Роман'),(494,'Dewmd zwjnfs','Сказка'),(495,'Ngtqp nzwzvj','Сказка'),(496,'Clnxs rskhwq','Сказка'),(497,'Asxxy ryrhgh','Роман'),(498,'Lcghs lzwmaf','Роман'),(499,'Toiih dbblic','Роман'),(500,'Yzjld rpgvli','Роман'),(501,'Aiaaz lnibcu','Роман'),(502,'Agzyx othrhw','Роман'),(503,'Ixjfh pvwzra','Роман'),(504,'Ffrqz atqdja','Сказка'),(505,'Jihhh aglacn','Сказка'),(506,'Tkifu gqbbvv','Сказка'),(507,'Ysyyn vkvsmg','Сказка'),(508,'Wyygp fonqpk','Сказка'),(509,'Skjvf drerrb','Роман'),(510,'Vdykg ogiqcm','Сказка'),(511,'Yeadn nbflzt','Роман'),(512,'Khvlz jkmlpi','Роман'),(513,'Vclrk molmin','Роман'),(514,'Nikxi bvmyis','Сказка'),(515,'Miglo lbgnau','Роман'),(516,'Lxstb vvfynq','Сказка'),(517,'Fhepx hisixi','Роман'),(518,'Yuanr rvgqxn','Сказка'),(519,'Ttnyf ygcnuq','Роман'),(520,'Srqoh ouikmy','Сказка'),(521,'Bjotu jvnkyh','Роман'),(522,'Jewcd firgxc','Роман'),(523,'Froks mvgxvt','Роман'),(524,'Yrnug sbbprp','Роман'),(525,'Xwcku mvybbr','Роман'),(526,'Uxxjb dazqdc','Сказка'),(527,'Hywoo ctqvzr','Сказка'),(528,'Pqjhj jzqaqf','Сказка'),(529,'Gchtt zhkasg','Сказка'),(530,'Xsvef yrtydt','Сказка'),(531,'Phuyf wdfewx','Роман'),(532,'Xsnwa qujmun','Роман'),(533,'Iotaa mhauay','Сказка'),(534,'Dlqnc iselzd','Сказка'),(535,'Nifyg bzrpvp','Сказка'),(536,'Nfcil wbabox','Сказка'),(537,'Cpjar anigqm','Сказка'),(538,'Fjfzw vbmtov','Сказка'),(539,'Htjsq dcxmzf','Роман'),(540,'Rictn jdnlbe','Роман'),(541,'Behdt vyzvcp','Сказка'),(542,'Nvjxu eawpgf','Сказка'),(543,'Vnztd pfmnjz','Сказка'),(544,'Zuouv ucwtgl','Сказка'),(545,'Egvdf mmgpqb','Сказка'),(546,'Tgscc otkujs','Роман'),(547,'Rsgmk fgejcq','Сказка'),(548,'Obsux oqcklo','Роман'),(549,'Rrtle kzcwjo','Роман'),(550,'Scjno zxqmba','Сказка'),(551,'Bxktg amlzrp','Сказка'),(552,'Scjzv kadqwa','Роман'),(553,'Nyolz hmguuw','Роман'),(554,'Yjbcu pfgrqb','Сказка'),(555,'Ilwdz gaamtj','Сказка'),(556,'Prqya partfc','Сказка'),(557,'Sgmjz ibiryg','Сказка'),(558,'Gozln ffgqqh','Сказка'),(559,'Rpuwm ktguen','Роман'),(560,'Makve nvusfc','Сказка'),(561,'Gelai lwmiww','Сказка'),(562,'Xbfig ggejnn','Сказка'),(563,'Mbwgu migcya','Сказка'),(564,'Qdelf xvocyf','Роман'),(565,'Utgsi pjziah','Сказка'),(566,'Fvqja ynbwpz','Роман'),(567,'Qvejr bmngon','Роман'),(568,'Xbmgg jhgsmx','Роман'),(569,'Pzfnc nxqbct','Сказка'),(570,'Oilcs wtrmdu','Роман'),(571,'Qfebq gvwwwp','Роман'),(572,'Slalc jzmfpk','Сказка'),(573,'Abwpz jzhqco','Роман'),(574,'Fxwdz kywsrf','Роман'),(575,'Qnixm kupacu','Роман'),(576,'Nwbcb dibtwc','Сказка'),(577,'Dlnuz ivnumz','Роман'),(578,'Ffjuu oidpyf','Сказка'),(579,'Ehuvn emznfi','Сказка'),(580,'Gurcl zjvfki','Роман'),(581,'Vgdsq lcwflo','Роман'),(582,'Pnjpz fhudlu','Роман'),(583,'Onish pqcrxd','Сказка'),(584,'Tgkuo wpiikn','Роман'),(585,'Sbvvl axmhxo','Сказка'),(586,'Oeqnh tvspzf','Роман'),(587,'Uejfw tcgrtm','Сказка'),(588,'Mincq uxicnm','Сказка'),(589,'Ptdhx hzefdz','Роман'),(590,'Iusas mnsdmn','Роман'),(591,'Gpjza muveys','Сказка'),(592,'Lmjit yzooer','Роман'),(593,'Alcct xmqhxm','Роман'),(594,'Htkue vzornz','Роман'),(595,'Tomwg knnltq','Роман'),(596,'Fvcbv hnyasa','Сказка'),(597,'Etory zgsuyt','Роман'),(598,'Ptwfp dbtiaf','Роман'),(599,'Vcvax ewzzrn','Роман'),(600,'Japrr ssopsu','Сказка'),(601,'Yinqr tdsoeo','Сказка'),(602,'Yfqbv ejptmc','Сказка'),(603,'Sedpa givtrh','Сказка'),(604,'Uyddt fdojrb','Сказка'),(605,'Zkmro kenfxe','Роман'),(606,'Vpptm kjxtra','Сказка'),(607,'Frsbk qxkehr','Сказка'),(608,'Ekjbr gidwqf','Сказка'),(609,'Copar snhmeu','Роман'),(610,'Kdvje hvazsa','Роман'),(611,'Uwrdc untjdb','Роман'),(612,'Zhrwk ejjblu','Сказка'),(613,'Beuel snftvi','Сказка'),(614,'Cqloz ugxiwr','Роман'),(615,'Ytekl mkepiu','Сказка'),(616,'Itaza acnwxf','Роман'),(617,'Embmx eewybv','Роман'),(618,'Wamyd luicop','Роман'),(619,'Mvizd pjreap','Роман'),(620,'Vudqz fprnkh','Сказка'),(621,'Jewcc dwseoc','Роман'),(622,'Ehuoi ulhtex','Сказка'),(623,'Xhtvo gllhqh','Сказка'),(624,'Evhlw lwkhfw','Сказка'),(625,'Tllpi texqid','Сказка'),(626,'Hfymw arkeef','Роман'),(627,'Bpkkw jyozrl','Роман'),(628,'Civmy bxwlaj','Сказка'),(629,'Sthet hiyhbo','Роман'),(630,'Xdxsj datekx','Сказка'),(631,'Flzzt dtvxwe','Роман'),(632,'Cxlbm qukymy','Роман'),(633,'Kcqvj ldinhb','Сказка'),(634,'Pflgb vcjbzd','Сказка'),(635,'Qimvi vkeoos','Сказка'),(636,'Qvylk ydenjd','Роман'),(637,'Epuzl fsdjlv','Роман'),(638,'Knuyp clqagp','Сказка'),(639,'Cznoy djbuya','Сказка'),(640,'Aodla amvcuc','Сказка'),(641,'Xagbq ohmvuq','Сказка'),(642,'Pcptr lyofvo','Роман'),(643,'Qvlry fafava','Сказка'),(644,'Hvacj tvppzf','Роман'),(645,'Euaku delmkw','Роман'),(646,'Yfkui afhybs','Сказка'),(647,'Lmxey iidgaj','Роман'),(648,'Azslc noibaq','Роман'),(649,'Xjwso xakwwf','Роман'),(650,'Kkjof ffjczp','Сказка'),(651,'Iylon gunbzx','Сказка'),(652,'Beczi wasnil','Роман'),(653,'Bsbiu dowmdi','Сказка'),(654,'Tfqzf oezikt','Роман'),(655,'Ccvxb kbodzf','Роман'),(656,'Iwbda uiomuu','Сказка'),(657,'Aurht rsjwyk','Роман'),(658,'Lxhoj icrkyv','Сказка'),(659,'Ydbna fjgohj','Сказка'),(660,'Fvsue otdnol','Сказка'),(661,'Vhmwy xatypo','Сказка'),(662,'Cnzwf ivkoey','Роман'),(663,'Ayaqi zulcyw','Сказка'),(664,'Osjpe oabdyq','Роман'),(665,'Ewyvw sgbusl','Сказка'),(666,'Ryrlg nxaami','Сказка'),(667,'Eslao ejlgce','Сказка'),(668,'Frzih dfface','Роман'),(669,'Whbxx myfsjy','Роман'),(670,'Oyqhz eathvn','Сказка'),(671,'Dcflr xllweb','Роман'),(672,'Vdejm bxpebq','Сказка'),(673,'Mbyty jbpzlh','Сказка'),(674,'Wbibx fyiycp','Сказка'),(675,'Jcbso jazmmz','Роман'),(676,'Kckgw ipuqbz','Сказка'),(677,'Trqxt tcnwik','Сказка'),(678,'Oroxa oqpmep','Роман'),(679,'Squev ofenwt','Сказка'),(680,'Cqhaj cztudc','Сказка'),(681,'Ykjpz gxymgd','Сказка'),(682,'Oscbh cmnwao','Сказка'),(683,'Izztx gxsbpe','Сказка'),(684,'Vnrsy szcyfs','Роман'),(685,'Zvuft nvyxzq','Сказка'),(686,'Medjw hqvyhd','Сказка'),(687,'Mujes oixkcv','Сказка'),(688,'Iqemo tnzxho','Сказка'),(689,'Qmswz ppawir','Роман'),(690,'Lxuea egbipu','Роман'),(691,'Slame ctoddn','Сказка'),(692,'Vydra nmdcfl','Сказка'),(693,'Uvkfy njgkjz','Сказка'),(694,'Rulgm wyfotu','Роман'),(695,'Pkvat ukinzj','Сказка'),(696,'Xuppa hfgeys','Роман'),(697,'Adtpr utjxks','Сказка'),(698,'Xzvaq zxxwyk','Роман'),(699,'Ebmtg zfgrcb','Роман'),(700,'Kjwlm spqcdj','Сказка'),(701,'Ncoln uhnuqn','Роман'),(702,'Vrruv vxkzmt','Роман'),(703,'Mzvsw lvldxb','Роман'),(704,'Ksnru qwmpho','Сказка'),(705,'Lbjae pskzay','Роман'),(706,'Dxqhd nursil','Сказка'),(707,'Fkhzb fzbqjd','Сказка'),(708,'Qxmxs hajlkg','Роман'),(709,'Orwlx zewsyk','Роман'),(710,'Gjvwm dvzldb','Роман'),(711,'Urrcc vwqcwu','Сказка'),(712,'Hdofr bfuksj','Сказка'),(713,'Rahyc nrdxjp','Сказка'),(714,'Olhhq hocbed','Сказка'),(715,'Eqnvi ofkjhv','Сказка'),(716,'Gofbp benift','Роман'),(717,'Iaecl iuqzvh','Роман'),(718,'Psiuy vgfaor','Сказка'),(719,'Xaioq vgczdo','Сказка'),(720,'Cglcx aiqpty','Сказка'),(721,'Inrcn bbnxfg','Сказка'),(722,'Aijof noamwe','Сказка'),(723,'Jewfv ayqdvb','Роман'),(724,'Tkdhx cgkyzm','Сказка'),(725,'Fklwu vbkqhi','Сказка'),(726,'Ksgao apgixm','Роман'),(727,'Fjlbj iycolp','Сказка'),(728,'Hodzf fejapq','Сказка'),(729,'Qhwxr lvmvmn','Сказка'),(730,'Ewevs cftlej','Роман'),(731,'Bmeab heuxfe','Роман'),(732,'Lhjsh nplaqo','Роман'),(733,'Crybp wleewr','Роман'),(734,'Ttehm lnixah','Сказка'),(735,'Nmgid ycevzf','Роман'),(736,'Mcjty ysnblo','Роман'),(737,'Zxrgy djdlns','Сказка'),(738,'Zsxqr rvcxeg','Роман'),(739,'Mfcdz qpfluy','Роман'),(740,'Cvpwc frihet','Сказка'),(741,'Yuxho wmimeb','Роман'),(742,'Vettp pvgbsr','Сказка'),(743,'Pnkzp tbxmzu','Роман'),(744,'Nktlk ffbpbe','Роман'),(745,'Vdzcw negmev','Роман'),(746,'Gptkt ujuuno','Сказка'),(747,'Jwogk iecmpz','Сказка'),(748,'Yobsk xwoxkx','Роман'),(749,'Cbexg fonedc','Роман'),(750,'Rwzjy dymqwf','Роман'),(751,'Kyter htwkru','Сказка'),(752,'Pjcaf ofeglx','Роман'),(753,'Pmptg ummbpb','Роман'),(754,'Fomtl uidfzr','Роман'),(755,'Zhhll qhuzzi','Сказка'),(756,'Bnzzl mkltrw','Роман'),(757,'Nvown qacjwk','Сказка'),(758,'Ayqwm wuzrsc','Сказка'),(759,'Lvmhg vszkdj','Сказка'),(760,'Hxxiu swnhpk','Роман'),(761,'Bkxti lnqqoc','Роман'),(762,'Owxdw hbsabi','Сказка'),(763,'Ceueh cbmuoq','Роман'),(764,'Iubys ajgrxj','Сказка'),(765,'Bbhwg wmoktf','Сказка'),(766,'Ovgdy fhdfet','Роман'),(767,'Aauem grqdkv','Роман'),(768,'Hbyqq yksqhf','Сказка'),(769,'Nczct zpvtjv','Роман'),(770,'Zbbfl tzkgni','Сказка'),(771,'Lgfvx goldzd','Роман'),(772,'Ortyi gtjabc','Роман'),(773,'Isjic xkyzal','Роман'),(774,'Gtqar psavmp','Сказка'),(775,'Qwjcb yppcqo','Сказка'),(776,'Meutz fpyaju','Сказка'),(777,'Zpedi fobqbu','Роман'),(778,'Iguhp cimwdu','Сказка'),(779,'Eoftp qxhlxz','Роман'),(780,'Jvzie eqgdvc','Роман'),(781,'Fkdqg lstwuf','Сказка'),(782,'Oobqg vnnpuy','Сказка'),(783,'Mebev shdtav','Сказка'),(784,'Nvhnf kmjiqv','Роман'),(785,'Ctgjl dhrcyg','Роман'),(786,'Tocab gmmlif','Роман'),(787,'Svmib wakejn','Роман'),(788,'Uguml zsnryg','Роман'),(789,'Rybvl ogpefl','Сказка'),(790,'Ksnyy htqeoe','Роман'),(791,'Aghek hmadpi','Сказка'),(792,'Filnx yhrtkj','Роман'),(793,'Rjynz uttrad','Роман'),(794,'Avfye shnbch','Роман'),(795,'Byfmw recfel','Роман'),(796,'Nodkw sqaeed','Роман'),(797,'Xzjbc khirdk','Роман'),(798,'Xdoey wgyzyd','Сказка'),(799,'Ijphu frboxf','Сказка'),(800,'Bzmmh zudsqp','Сказка'),(801,'Bhicc eceear','Сказка'),(802,'Fzapc atedrn','Роман'),(803,'Kbhds umgpqn','Роман'),(804,'Ftnnp rdfzag','Роман'),(805,'Dfcya odhwoq','Роман'),(806,'Exonq enhisd','Роман'),(807,'Mzsjr mykmcd','Роман'),(808,'Jnlko xfrdrf','Роман'),(809,'Kjmlk awneuw','Роман'),(810,'Mvazt yifhhy','Роман'),(811,'Hotww srpvec','Сказка'),(812,'Qfunp qkxrbx','Сказка'),(813,'Pvtfy llyjhz','Роман'),(814,'Kxdwx ixrdtu','Роман'),(815,'Iwvxn luzumu','Роман'),(816,'Jcvch kbwwqu','Роман'),(817,'Koqcb uvqfnp','Сказка'),(818,'Istxp nibwni','Роман'),(819,'Urqjj ovuaym','Сказка'),(820,'Thlor tyqrsp','Сказка'),(821,'Kadry clitpx','Сказка'),(822,'Jkvpr ucrxmj','Роман'),(823,'Cuctr lkwzoj','Сказка'),(824,'Ptsnc vzlici','Роман'),(825,'Hxkkk omdzzy','Роман'),(826,'Jhrdn gqonrx','Сказка'),(827,'Ftniv pysuqz','Роман'),(828,'Fywfa uxhgeg','Роман'),(829,'Duktx mqbwwh','Роман'),(830,'Mphke araxxo','Роман'),(831,'Wfdiz jblmek','Роман'),(832,'Jlyby waxhll','Сказка'),(833,'Vkumn wpecre','Сказка'),(834,'Xwcih xvxupy','Сказка'),(835,'Ihktq xncfye','Роман'),(836,'Boqel ifooja','Сказка'),(837,'Bugzd nyvfpx','Роман'),(838,'Zhext vvkifr','Роман'),(839,'Ikrhh jotnvm','Роман'),(840,'Txaxa igfgvq','Сказка'),(841,'Drrsz qujvcm','Сказка'),(842,'Mmorw vkugqm','Роман'),(843,'Zedrv mihjqi','Роман'),(844,'Cwzcw dyfoau','Сказка'),(845,'Gbfcr cqcjst','Сказка'),(846,'Cnkic bularc','Сказка'),(847,'Yxped chqyaw','Сказка'),(848,'Kgxkd ydlklb','Сказка'),(849,'Sphbh ktpplk','Сказка'),(850,'Gxmfj srmckl','Роман'),(851,'Ataug bqteoy','Роман'),(852,'Puhll ryrcho','Сказка'),(853,'Amhij nroejf','Сказка'),(854,'Bbwhi doeyrz','Сказка'),(855,'Gbwiz gpdacb','Сказка'),(856,'Vqdhz mifcmb','Сказка'),(857,'Ogrdy blrajt','Роман'),(858,'Fxqxs qtrjes','Сказка'),(859,'Nbvpc bfavgi','Роман'),(860,'Svwwa soibeq','Сказка'),(861,'Ykneh wyhvjl','Сказка'),(862,'Iswqm kuxmhx','Сказка'),(863,'Etmbr qturku','Сказка'),(864,'Uqgzu qdijpg','Сказка'),(865,'Tujbf ehfyow','Роман'),(866,'Azmob cioamv','Роман'),(867,'Sqwmu spqtoq','Сказка'),(868,'Hlqzf yeqopi','Сказка'),(869,'Orvlm ehdbla','Сказка'),(870,'Udrow amixxh','Роман'),(871,'Xkyas hjxwnk','Роман'),(872,'Pkfeo extctf','Роман'),(873,'Tjbgj gewjif','Роман'),(874,'Pfics ovfakg','Сказка'),(875,'Nuedn biwwve','Роман'),(876,'Kdxbj kihbjt','Роман'),(877,'Qifib fvyfpw','Сказка'),(878,'Qcfsk okyobt','Роман'),(879,'Kmalj smzcxs','Роман'),(880,'Gbjyd hmrbbh','Роман'),(881,'Gumhq hcnjgm','Сказка'),(882,'Hmdbk qtgiqv','Роман'),(883,'Qzxwf ryyhjl','Роман'),(884,'Seuch hrugas','Роман'),(885,'Dpwqm ogsuiv','Сказка'),(886,'Jszqv xyyorm','Роман'),(887,'Fvybq adgjst','Сказка'),(888,'Drxch lpzope','Сказка'),(889,'Rfolw zjinoc','Роман'),(890,'Rpfwc dwgpdz','Роман'),(891,'Bucvr aarldy','Роман'),(892,'Plfrd qvjbgq','Роман'),(893,'Knofi dnjvqc','Роман'),(894,'Cwpgt geeznu','Сказка'),(895,'Bseri kesceg','Сказка'),(896,'Vbzbm lgeiyd','Роман'),(897,'Bjmvx obwvtb','Сказка'),(898,'Nqlwh ozlfhj','Роман'),(899,'Yazgh izonwz','Роман'),(900,'Spoex qekjow','Роман'),(901,'Pwjdr zovgai','Сказка'),(902,'Fxaaw sqwamm','Сказка'),(903,'Gtivj ulpjfs','Сказка'),(904,'Kzxdf echoqh','Роман'),(905,'Mwvyj qucbvr','Сказка'),(906,'Hgfiv dwnmql','Роман'),(907,'Wxwcl zspyba','Роман'),(908,'Nejxg kwqnsy','Роман'),(909,'Qutds rszafl','Сказка'),(910,'Ilrqw jtwtna','Роман'),(911,'Hthns islyov','Сказка'),(912,'Epifh krqmea','Роман'),(913,'Mlkpa dajqnc','Роман'),(914,'Wjdka ozspgp','Роман'),(915,'Zaxxj jrigax','Сказка'),(916,'Rxtjg lrdfiq','Сказка'),(917,'Tepjk orqfyv','Сказка'),(918,'Dpndl xxjysb','Роман'),(919,'Yzkhp bnaxyn','Сказка'),(920,'Eptzb cyhfsz','Роман'),(921,'Cmmnl wfndyu','Сказка'),(922,'Nuwlg wyhetu','Роман'),(923,'Yjkcy dfcdrx','Сказка'),(924,'Rpcpe izvhrp','Сказка'),(925,'Exjhe teutvn','Роман'),(926,'Hlhfj nbprfq','Роман'),(927,'Pekfm ecwlhw','Сказка'),(928,'Vyyza xflepu','Роман'),(929,'Jeowx ltogau','Роман'),(930,'Hcqpn pziqsv','Роман'),(931,'Xtzvp blhvtn','Сказка'),(932,'Nwrfk gnjheu','Роман'),(933,'Jopih tmtabo','Сказка'),(934,'Cbibr vcuowh','Роман'),(935,'Qddkq hghbbf','Роман'),(936,'Mgeho knqwkj','Роман'),(937,'Yblvx nfihhu','Сказка'),(938,'Zfpcl jbltdr','Роман'),(939,'Bmnry zyrjtz','Сказка'),(940,'Zofqy yqdkzn','Сказка'),(941,'Wazki pkaxdd','Роман'),(942,'Qzoth nsteef','Сказка'),(943,'Jbwur wsupjz','Сказка'),(944,'Bbukh epxnux','Роман'),(945,'Nljar nspwmo','Сказка'),(946,'Wonjx tohfnh','Роман'),(947,'Shpra raimqq','Сказка'),(948,'Jcgtq bmexku','Роман'),(949,'Gqtug coqdqb','Роман'),(950,'Ntzbq uzuync','Сказка'),(951,'Oidgo omyhdz','Сказка'),(952,'Dsuwl vaxfkk','Сказка'),(953,'Dxrld bsdtkn','Роман'),(954,'Ycsxz dteudj','Сказка'),(955,'Jtmqr texljg','Роман'),(956,'Azkao mjfqgr','Роман'),(957,'Wwfkf xqkqqa','Роман'),(958,'Okmjx bewmtn','Сказка'),(959,'Cphbb whqxsd','Роман'),(960,'Qitap jevmvm','Сказка'),(961,'Zezqq cnzmil','Сказка'),(962,'Nhule fqojom','Роман'),(963,'Lgxkt rdwkqu','Сказка'),(964,'Fslju bsbxho','Сказка'),(965,'Nhpzn plpqbr','Сказка'),(966,'Bhrfj kipbxy','Роман'),(967,'Fbgcj irsseu','Роман'),(968,'Gobji uiibns','Сказка'),(969,'Wmrbc aouaan','Сказка'),(970,'Wjvfq hasbgi','Роман'),(971,'Ytjoh tkpujp','Сказка'),(972,'Oguuv hhkaya','Роман'),(973,'Oxjmg unuldo','Сказка'),(974,'Xueww etbglw','Сказка'),(975,'Pimzq hlgpct','Сказка'),(976,'Cccdk oysjij','Роман'),(977,'Qaafi uovjer','Роман'),(978,'Pbetf jgjwkk','Роман'),(979,'Xiscz pjiqch','Роман'),(980,'Vkpvo atsxiy','Роман'),(981,'Dxeuv zdzflz','Сказка'),(982,'Mpukt nykhtr','Сказка'),(983,'Tmhid nafhai','Сказка'),(984,'Rhpdu isdkox','Роман'),(985,'Dxxfa yfasol','Роман'),(986,'Cgyql vgojyf','Сказка'),(987,'Giraq nsyuqs','Роман'),(988,'Qdzij tejwrz','Роман'),(989,'Nrzfq xuhawt','Роман'),(990,'Pnohl wxdevc','Роман'),(991,'Idtpz ldfvvm','Роман'),(992,'Qbgpr mcxmgu','Роман'),(993,'Tyrof vhiljw','Роман'),(994,'Eughu lnnixt','Роман'),(995,'Cwwet rnwxtj','Роман'),(996,'Ovvne itwizt','Сказка'),(997,'Ilhpm rtpogg','Сказка'),(998,'Kzinx jilopv','Роман'),(999,'Encrx qvfksw','Сказка'),(1000,'Fhuik vwfayd','Роман'),(1001,'Rbmes zkmkye','Роман'),(1002,'Qvwwn vynsfe','Сказка'),(1003,'Wsmlm kbdmjj','Сказка'),(1004,'Mgokp mprsgf','Сказка'),(1005,'Fgfkl olsfdv','Сказка'),(1006,'Spqyt bvdpbg','Роман'),(1007,'Ihrbu idmsom','Сказка'),(1008,'Xkkuh rzgvkx','Роман'),(1009,'Vvyua hociis','Роман'),(1010,'Ykowr olotof','Роман'),(1011,'Jzylc allgzh','Сказка'),(1012,'Orwjx ophcdt','Сказка'),(1013,'Tnjyy rsqmns','Роман'),(1014,'Llsvb wismxr','Роман'),(1015,'Pakbl ldosff','Роман'),(1016,'Bjexc xmdmqt','Роман'),(1017,'Yqrsw sdlqxp','Сказка'),(1018,'Drtdj doqbfq','Роман'),(1019,'Zgelo sexfda','Роман'),(1020,'Dcyzw wqxwce','Роман'),(1021,'Yiqch njjxfh','Роман'),(1022,'Fnipm onchsk','Роман'),(1023,'Rsuob icyexg','Роман'),(1024,'Ofagc ewqhth','Роман'),(1025,'Iacsq xpkvgz','Роман'),(1026,'Frvbu gismrx','Роман'),(1027,'Gclcr anupoj','Роман'),(1028,'Lpfxy ogmydp','Роман'),(1029,'Uqgbi vcfhcy','Роман'),(1030,'Etgwm vvislq','Роман'),(1031,'Fwjxd xcyfcv','Роман'),(1032,'Yglqi mxeipf','Роман'),(1033,'Vhjoy mieiwi','Роман'),(1034,'Jupsu cpxpzi','Роман'),(1035,'Qikoi aafuad','Роман'),(1036,'Kmnda fkedep','Роман'),(1037,'Bfijy rglncd','Роман'),(1038,'Anmoz pszytj','Роман'),(1039,'Knwdp wahhdu','Роман'),(1040,'Scheo piyxvy','Роман'),(1041,'Yhpqf bakpqs','Роман'),(1042,'Ffdgr ydphac','Роман'),(1043,'Vptpk yaomav','Роман'),(1044,'Zpuro zpbizn','Роман'),(1045,'Wbmcz mkizor','Роман'),(1046,'Jbabn tbujrm','Роман'),(1047,'Yajvj fuheiy','Роман'),(1048,'Ltvka mwoiok','Роман'),(1049,'Phfwp zycrxl','Роман'),(1050,'Ccjhr nueudc','Роман'),(1051,'Jygas yulhbd','Роман'),(1052,'Bcrhc ncdjvn','Роман'),(1053,'Rzqau gwrwnh','Роман'),(1054,'Fucuh uuyonv','Роман'),(1055,'Obeca dfthqr','Роман'),(1056,'Vhdbs kwmmuo','Роман'),(1057,'Enilr gqztzg','Роман'),(1058,'Jqqaq yzjxjw','Роман'),(1059,'Cjhbp lmngss','Роман'),(1060,'Jwjat biubgm','Роман'),(1061,'Ktthl ikmguo','Роман'),(1062,'Ucjno resfuh','Роман'),(1063,'Zuwcd xtesqr','Роман'),(1064,'Pdorm pgfsip','Роман'),(1065,'Wvzek kpzcjv','Роман'),(1066,'Menvb nopctt','Роман'),(1067,'Naect mnbaah','Роман'),(1068,'Helnw hanjyx','Роман'),(1069,'Rlgvt pmwldd','Роман'),(1070,'Jckph inlwzd','Роман'),(1071,'Drrcl mqhuhv','Роман'),(1072,'Endvr lcuidb','Роман'),(1073,'Aezji nthaba','Роман'),(1074,'Ogwal xwpbfp','Роман'),(1075,'Zxfyx pldijm','Роман'),(1076,'Xokzi babjcw','Роман'),(1077,'Orqsy dzhocl','Роман'),(1078,'Dhfji gecwao','Роман'),(1079,'Snnmn rjcusi','Роман'),(1080,'Mxztn etjulu','Роман'),(1081,'Qzdtr mxovzh','Роман'),(1082,'Knnkg lnqivi','Роман'),(1083,'Oiaxa jrbxjs','Роман'),(1084,'Xgfsx zcqygk','Роман'),(1085,'Slybn eivdpe','Роман'),(1086,'Mlnac bncbce','Роман'),(1087,'Asvaw azwogw','Роман'),(1088,'Ayvxm duzotl','Роман'),(1089,'Wbpom vghzaq','Роман'),(1090,'Sbrbh jmytfq','Роман'),(1091,'Btclr xcpysd','Роман'),(1092,'Sddxp mbhyeb','Роман'),(1093,'Msybi lktwzn','Роман'),(1094,'Fpdbc qdxivc','Роман'),(1095,'Jsjev irzksz','Роман'),(1096,'Kniyl sygrmj','Роман'),(1097,'Wfszt ksdeqe','Роман'),(1098,'Eivyz cusvxp','Роман'),(1099,'Fqsbt nqgrme','Роман'),(1100,'Hebon bsiikk','Роман'),(1101,'Sgdwy dwcolc','Роман'),(1102,'Csspe uatnmn','Роман'),(1103,'Lhjot lqolmd','Роман'),(1104,'Vspew ljluxq','Роман'),(1105,'Dxsvx jtikvx','Роман'),(1106,'Ldzhu lfebzf','Роман'),(1107,'Kluzn zzjzhg','Роман'),(1108,'Mzwjd vzwtdm','Роман'),(1109,'Iqqzr tgfawc','Роман'),(1110,'Jddxh oleltn','Роман'),(1111,'Srppr qpubtw','Роман'),(1112,'Xrxdg dxxden','Роман'),(1113,'Idtbx dombpy','Роман'),(1114,'Fbnha rgmcwx','Роман'),(1115,'Hggkm lqkydq','Роман'),(1116,'Ltlag kdbvxb','Роман'),(1117,'Ygoid xkinik','Роман'),(1118,'Exniz whdmrj','Роман'),(1119,'Frqxg oenbum','Роман'),(1120,'Cnatb bjnsvy','Роман'),(1121,'Qxyra yborhy','Роман'),(1122,'Sirxo byreep','Роман'),(1123,'Rkyhs wjimin','Роман'),(1124,'Nxlsc dyepcu','Роман'),(1125,'Qlrwa cfbxch','Роман'),(1126,'Eudup pbpfzf','Роман'),(1127,'Cnuqg mjzobo','Роман'),(1128,'Njopy qsrxfh','Роман'),(1129,'Xhrwq szkjwd','Роман'),(1130,'Fglhg hakypo','Роман'),(1131,'Cvqig wvjpct','Роман'),(1132,'Wkmic fbpfdb','Роман'),(1133,'Mwdkd myxhqf','Роман'),(1134,'Chhiy hhjksx','Роман'),(1135,'Steqj fkfqyo','Роман'),(1136,'Nxqeh rigddq','Роман'),(1137,'Egwoy znfgch','Роман'),(1138,'Vhdmu wppufm','Роман'),(1139,'Fgxrm prgpiu','Роман'),(1140,'Dstbx vghocd','Роман'),(1141,'Wbmqx tieggw','Роман'),(1142,'Lmfen qfbshj','Роман'),(1143,'Olyck qlmfgu','Роман'),(1144,'Mwuzr kmstir','Роман'),(1145,'Hpbab idtfcm','Роман'),(1146,'Nrbdn xilems','Роман'),(1147,'Qrjtz kflzns','Роман'),(1148,'Nndpg pdxcuy','Роман'),(1149,'Qlrtl otsnlr','Роман'),(1150,'Pvxio bdpbpg','Роман'),(1151,'Ydmxc sxrrrb','Роман'),(1152,'Ssxtz tezzsv','Роман'),(1153,'Dstay rqlewy','Роман'),(1154,'Ijlju wppchl','Роман'),(1155,'Yjzqi ubwrzl','Роман'),(1156,'Wgqld ldvthc','Роман'),(1157,'Fydec odyvmq','Роман'),(1158,'Brykj prihij','Роман'),(1159,'Sxzes rckcch','Роман'),(1160,'Izbhj gsinaj','Роман'),(1161,'Lgyvm umysyg','Роман'),(1162,'Vdgqi wennhe','Роман'),(1163,'Ghalj lttqzq','Роман'),(1164,'Ztprn gjsvle','Роман'),(1165,'Tgdpd zvanfs','Роман'),(1166,'Amyph aqqaxa','Роман'),(1167,'Qaocj okboxo','Роман'),(1168,'Lzcxi lruhqk','Роман'),(1169,'Wtbbr aixevq','Роман'),(1170,'Dmnim gtrxmd','Роман'),(1171,'Dajxg yreryi','Роман'),(1172,'Blgri jtiigu','Роман'),(1173,'Zgfoz vbgwbp','Роман'),(1174,'Kszfe kpaknx','Роман'),(1175,'Wghal bdutcx','Роман'),(1176,'Znran afgcch','Роман'),(1177,'Jkzxq aujubg','Роман'),(1178,'Yjnle jnniah','Роман'),(1179,'Flavs lbuskh','Роман'),(1180,'Lgbhr hwchms','Роман'),(1181,'Xmjwl xtsxhr','Роман'),(1182,'Zqezg osojis','Роман'),(1183,'Ddamb rexonl','Роман'),(1184,'Gpdxq mgyccr','Роман'),(1185,'Syape okxawb','Роман'),(1186,'Gpkws mdorbo','Роман'),(1187,'Jcjby kubpgu','Роман'),(1188,'Ckpdm eoftho','Роман'),(1189,'Irctj augbbc','Роман'),(1190,'Gqbyg rwkotv','Роман'),(1191,'Froxq zzddnl','Роман'),(1192,'Eqnsq mbvctf','Роман'),(1193,'Znwfn yyeoug','Роман'),(1194,'Pkxax rneuit','Роман'),(1195,'Waiso llvthh','Роман'),(1196,'Abyvi mzmabg','Роман'),(1197,'Cngtk ompuks','Роман'),(1198,'Brpmt mczfce','Роман'),(1199,'Dukcr cbrjtf','Роман'),(1200,'Btybe yrlqzd','Роман'),(1201,'Cdvtq cvdzof','Роман'),(1202,'Xttex uxqbkw','Роман'),(1203,'Ugjyf xgcsip','Роман'),(1204,'Wocam aanfow','Роман'),(1205,'Yrdwm nnltte','Роман'),(1206,'Ajnmx ijmmok','Роман'),(1207,'Squup xdzssy','Роман'),(1208,'Vnjrq lccsrq','Роман'),(1209,'Sucxe pydzdl','Роман'),(1210,'Jqmxo csojnq','Роман'),(1211,'Tmnam hylcvt','Роман'),(1212,'Joiek fdyqff','Роман'),(1213,'Moydv luvhbx','Роман'),(1214,'Uzpeb eaahwn','Роман'),(1215,'Rrttx hmxvck','Роман'),(1216,'Mznvp hhfquo','Роман'),(1217,'Qjjbf iilkka','Роман'),(1218,'Sxuyv hbhjrn','Роман'),(1219,'Zoelb yhxdxs','Роман'),(1220,'Hqwhr ogixqj','Роман'),(1221,'Xcwyj qfvblm','Роман'),(1222,'Wfeta bthchm','Роман'),(1223,'Hddkr ogkqpl','Роман'),(1224,'Uwdgl ehpaxm','Роман'),(1225,'Akxtr ldkhgn','Роман'),(1226,'Ttdkp yelvrm','Роман'),(1227,'Yeacb yiuelv','Роман'),(1228,'Hrrct yjtlfp','Роман'),(1229,'Vyoxw cqtunp','Роман'),(1230,'Ifgyq yqvmco','Роман'),(1231,'Blskj gtykbn','Роман'),(1232,'Uvxyt jxloas','Роман'),(1233,'Brgvw yxbiiw','Роман'),(1234,'Pdxlq gucxuj','Роман'),(1235,'Sipgl pbhmao','Роман'),(1236,'Mxlqg nquhoi','Роман'),(1237,'Hkwuq voejvs','Роман'),(1238,'Yabso teejgk','Роман'),(1239,'Dvvyh diuxju','Роман'),(1240,'Thvlt qtnsvc','Роман'),(1241,'Fpvjl jamyzp','Роман'),(1242,'Vkhag ejciye','Роман'),(1243,'Bacia hwjfhs','Роман'),(1244,'Iivno gxdqcn','Роман'),(1245,'Rcbol rnvtlc','Роман'),(1246,'Lnhab tpxpsm','Роман'),(1247,'Kdxxb poasix','Роман'),(1248,'Uocya rkodzg','Роман'),(1249,'Abrjo bmyhqi','Роман'),(1250,'Nvrsd ajbpaa','Роман'),(1251,'Sutnb fdltal','Роман'),(1252,'Osyyn kpqwzu','Роман'),(1253,'Uukeb wmhpfi','Роман'),(1254,'Kbyst dylwcw','Роман'),(1255,'Ywolf gtuagu','Роман'),(1256,'Dsbnr genfsy','Роман'),(1257,'Nwsvo avwjuo','Роман'),(1258,'Kzlqg yhxibw','Роман'),(1259,'Malwk bojgvq','Роман'),(1260,'Yasrq cdbohc','Роман'),(1261,'Ulqae eqyrkg','Роман'),(1262,'Bqzkn pkedtm','Роман'),(1263,'Kqcib icytye','Роман'),(1264,'Wrvyb xqbojc','Роман'),(1265,'Rdujy fwtudx','Роман'),(1266,'Zrgik skgfsg','Роман'),(1267,'Baipc kzdgog','Роман'),(1268,'Uqlvt rqgofe','Роман'),(1269,'Tgjgw rsofmi','Роман'),(1270,'Zzavd zdamgy','Роман'),(1271,'Bpyhp ynumgh','Роман'),(1272,'Eadjp atmrgw','Роман'),(1273,'Spawv tbmmfx','Роман'),(1274,'Jbnxs wqxzoe','Роман'),(1275,'Thcvo hpjgoa','Роман'),(1276,'Ujnrt xpoyxg','Роман'),(1277,'Qmsdh hctkwh','Роман'),(1278,'Yxdah wztawh','Роман'),(1279,'Czfzv ryaucc','Роман'),(1280,'Qjpiq nmxsro','Роман'),(1281,'Fgjko pmngdf','Роман'),(1282,'Voydu meuzya','Роман'),(1283,'Cqein rtluyi','Роман'),(1284,'Ptqqz ziqzeq','Роман'),(1285,'Imuix dlmsjp','Роман'),(1286,'Cwdkr oeomoz','Роман'),(1287,'Mlbad tatrfi','Роман'),(1288,'Adyty gjaeoc','Роман'),(1289,'Exwxh iaudap','Роман'),(1290,'Xtyzb bcjtmy','Роман'),(1291,'Vvhik altxhg','Роман'),(1292,'Swvwx gkisem','Роман'),(1293,'Dtmgd hlykle','Роман'),(1294,'Ciszd uepnpu','Роман'),(1295,'Nhfto bvlonu','Роман'),(1296,'Buekq pbgruz','Роман'),(1297,'Zrsgo btogcj','Роман'),(1298,'Qgjqj yxiohg','Роман'),(1299,'Ngzhq vijmxu','Роман'),(1300,'Wfmut rlbizs','Роман'),(1301,'Jssys pybrxs','Роман'),(1302,'Aghhs mukzqd','Роман'),(1303,'Ewbng pvtpsy','Роман'),(1304,'Lyzqk hzdeqc','Роман'),(1305,'Cjokd dbgaqy','Роман'),(1306,'Ebinu oghlvw','Роман'),(1307,'Onwdk lxioxu','Роман'),(1308,'Wbxnz uffgzn','Роман'),(1309,'Cigcd hgdvtm','Роман'),(1310,'Fzqnl foxusn','Роман'),(1311,'Wtdqv lacxqc','Роман'),(1312,'Fzosh chafmu','Роман'),(1313,'Buuog iypdfu','Роман'),(1314,'Rdjyr uieoab','Роман'),(1315,'Rhtvc darqli','Роман'),(1316,'Yduju bspbyz','Роман'),(1317,'Vyuqe ymbhmy','Роман'),(1318,'Isujl fvdxmc','Роман'),(1319,'Eeyqs piegki','Роман'),(1320,'Lzphk vnblyh','Роман'),(1321,'Xwbvo fwyhtu','Роман'),(1322,'Hpkyj bhdnpb','Роман'),(1323,'Hlusj urifuu','Роман'),(1324,'Bcftf hjccbx','Роман'),(1325,'Zhwce elrlvp','Роман'),(1326,'Vypjt fxtfhc','Роман'),(1327,'Kwyap ldcmix','Роман'),(1328,'Odrss kutzov','Роман'),(1329,'Tneev ccpizs','Роман'),(1330,'Ljrew bzwvfz','Роман'),(1331,'Mjfgs jmrnkt','Роман'),(1332,'Cgsql sxmmgz','Роман'),(1333,'Lnfna vdpwls','Роман'),(1334,'Txcbj gthqvq','Роман'),(1335,'Epssw fndfxv','Роман'),(1336,'Bjvtb kypiup','Роман'),(1337,'Zfadk lpyzkw','Роман'),(1338,'Wxjel mpaijs','Роман'),(1339,'Mjosk aiqhha','Роман'),(1340,'Afnjr potcec','Роман'),(1341,'Qvtsw svzwhg','Роман'),(1342,'Ksxyw jbwhxc','Роман'),(1343,'Ayzeu xtojnk','Роман'),(1344,'Pblwu rxawkj','Роман'),(1345,'Aqgvd yyeetj','Роман'),(1346,'Zfvde httmjw','Роман'),(1347,'Ujdlc tetjsz','Роман'),(1348,'Aqbcz tufyfu','Роман'),(1349,'Rrble auglef','Роман'),(1350,'Vjvox mcdnwn','Роман'),(1351,'Fedug kgcalt','Роман'),(1352,'Joglq eouiqe','Роман'),(1353,'Irwci vtqala','Роман'),(1354,'Qqibl oitvnf','Роман'),(1355,'Gqypg mgjgcu','Роман'),(1356,'Smwwx fdkdcq','Роман'),(1357,'Dkdql oaekqj','Роман'),(1358,'Smhsc fqikik','Роман'),(1359,'Xwdac qxhrvo','Роман'),(1360,'Jytnm nyapyn','Роман'),(1361,'Evmzs tjyiew','Роман'),(1362,'Doulj bfcuae','Роман'),(1363,'Lflux mmaesu','Роман'),(1364,'Abzvi wstsrc','Роман'),(1365,'Yvzhn kfgyic','Роман'),(1366,'Sasco szcflo','Роман'),(1367,'Hicpf jeylgw','Роман'),(1368,'Fwjwa ghassh','Роман'),(1369,'Fnbgs cznzbq','Роман'),(1370,'Bezjs fereio','Роман'),(1371,'Pnltm ldjita','Роман'),(1372,'Gpqzs seoldp','Роман'),(1373,'Jokxt tpejjg','Роман'),(1374,'Kjqyd qjbfwc','Роман'),(1375,'Okkpa mzuqsz','Роман'),(1376,'Pusqh krcbzn','Роман'),(1377,'Onban urvwwd','Роман'),(1378,'Tybap nvlobi','Роман'),(1379,'Biqhx ovzeic','Роман'),(1380,'Taqoi ccwyeo','Роман'),(1381,'Ggorm ncaclr','Роман'),(1382,'Cyajw nuckjn','Роман'),(1383,'Zojlo ceuood','Роман'),(1384,'Qwenw rvbuyr','Роман'),(1385,'Btsiu dainxx','Роман'),(1386,'Eowqt xeaixy','Роман'),(1387,'Zerpc ssuxxg','Роман'),(1388,'Odjfi ztbvbc','Роман'),(1389,'Lsvpm bgnmrk','Роман'),(1390,'Xntdy jatjzt','Роман'),(1391,'Bjnqn hqygpx','Роман'),(1392,'Vtjjc hodtmr','Роман'),(1393,'Ncnal lytpoq','Роман'),(1394,'Nhqmd ajlyfv','Роман'),(1395,'Cdcvb yshpms','Роман'),(1396,'Ycqmc netbnu','Роман'),(1397,'Jvppt nhuina','Роман'),(1398,'Bvwqf vaepxj','Роман'),(1399,'Rgmoa etgwzh','Роман'),(1400,'Vaehi xzenzt','Роман'),(1401,'Brqsl inpspj','Роман'),(1402,'Ioroo nqddwo','Роман'),(1403,'Yliqz thsxdf','Роман'),(1404,'Fdiwe lyrawp','Роман'),(1405,'Xlqgp mbdyfm','Роман'),(1406,'Ycqmm gitrzh','Роман'),(1407,'Jcjzf neftlw','Роман'),(1408,'Biuau odsiqn','Роман'),(1409,'Wlscq rtagff','Роман'),(1410,'Sxxaq mmpkfl','Роман'),(1411,'Ttnvr furcuv','Роман'),(1412,'Uybac krgxps','Роман'),(1413,'Pgjow mhmied','Роман'),(1414,'Sbgqv evtxox','Роман'),(1415,'Fxzcm bkhyur','Роман'),(1416,'Vejdr bppqkw','Роман'),(1417,'Qgdna xscazm','Роман'),(1418,'Fdxnv osrhsf','Роман'),(1419,'Ubrtn lpbfij','Роман'),(1420,'Vbnuq nhnybl','Роман'),(1421,'Cydwo myntfl','Роман'),(1422,'Beqjo fkyjay','Роман'),(1423,'Mofeb qfocss','Роман'),(1424,'Giuxr vlqsiw','Роман'),(1425,'Ffazf oqaqks','Роман'),(1426,'Giqoh ryadge','Роман'),(1427,'Vxbpj jsbqsj','Роман'),(1428,'Meakc xakugp','Роман'),(1429,'Aouuu rqprwo','Роман'),(1430,'Oznyd bkeiji','Роман'),(1431,'Evjtv mdcybq','Роман'),(1432,'Kovdg enpwjx','Роман'),(1433,'Nirul wgclyf','Роман'),(1434,'Opwud ztwwsa','Роман'),(1435,'Rlkzz qoolbx','Роман'),(1436,'Fxhtx vqmspj','Роман'),(1437,'Oaowe gyxgqx','Роман'),(1438,'Opgwl ttqhim','Роман'),(1439,'Cieyt hplcms','Роман'),(1440,'Zhbae xyaxvz','Роман'),(1441,'Dskbm bnkgqr','Роман'),(1442,'Ietor gmsrmb','Роман'),(1443,'Dctje tbnbcc','Роман'),(1444,'Okagn qpiaqd','Роман'),(1445,'Frcvu qkrwcd','Роман'),(1446,'Mvqem ggxbtu','Роман'),(1447,'Sfifw pxvrbe','Роман'),(1448,'Awddr dreqjo','Роман'),(1449,'Zpefr gbapud','Роман'),(1450,'Suzen bjzzuk','Роман'),(1451,'Qztkz ztdiof','Роман'),(1452,'Qyahk ykkhtr','Роман'),(1453,'Ajubf jswopj','Роман'),(1454,'Rgxhg vnkuwx','Роман'),(1455,'Enmro obadhx','Роман'),(1456,'Cpxgh fwbkwd','Роман'),(1457,'Iftri uoqbwp','Роман'),(1458,'Jhovh rmwatc','Роман'),(1459,'Inuts ulgkty','Роман'),(1460,'Byzvh yeupxm','Роман'),(1461,'Fgtcm nrezvc','Роман'),(1462,'Dgmjj vembph','Роман'),(1463,'Xctxo pxwgcn','Роман'),(1464,'Ksdku fssxsc','Роман'),(1465,'Qapwh seprvp','Роман'),(1466,'Dbksz vfwnsf','Роман'),(1467,'Qevct yskmgx','Роман'),(1468,'Rjzbd lqvnvl','Роман'),(1469,'Epspw fqvnuy','Роман'),(1470,'Bzong ltyixt','Роман'),(1471,'Stkyi ikomkh','Роман'),(1472,'Tvrrb ixwygy','Роман'),(1473,'Xfxmb pxyjbl','Роман'),(1474,'Nemja ktweqy','Роман'),(1475,'Vyctd rjbqes','Роман'),(1476,'Twfoz iyojfc','Роман'),(1477,'Sxchg hnnuzt','Роман'),(1478,'Adtgh pdraud','Роман'),(1479,'Zsynm selsvv','Роман'),(1480,'Oaszr bcxwhh','Роман'),(1481,'Ptmdn azuxtx','Роман'),(1482,'Qnlgd qdrbdl','Роман'),(1483,'Iipyo bhhutj','Роман'),(1484,'Rzctv yecobp','Роман'),(1485,'Dkqms fjpnme','Роман'),(1486,'Vsjlp dfyqxc','Роман'),(1487,'Nqsqm yzpvnh','Роман'),(1488,'Kxnap yqktfp','Роман'),(1489,'Rjklz sodrrm','Роман'),(1490,'Umass mkibvq','Роман'),(1491,'Bosfh dmkjoo','Роман'),(1492,'Fhexq hczfrj','Роман'),(1493,'Lkmno ampioj','Роман'),(1494,'Fzewx bgxhks','Роман'),(1495,'Newrf xxwrdx','Роман'),(1496,'Jvzwu usjjvw','Роман'),(1497,'Obpel wodtmp','Роман'),(1498,'Owbdl ybmbop','Роман'),(1499,'Egrqn sboocm','Роман'),(1500,'Xqneb vysyqv','Роман'),(1501,'Nuldm oscebt','Роман'),(1502,'Mnhpo dqtnyb','Роман'),(1503,'Jgkhu hujmfj','Роман'),(1504,'Smomm sgycio','Роман'),(1505,'Kdfmy hbmzcf','Роман'),(1506,'Fenqk hfazuj','Роман'),(1507,'Kcynv awhrcf','Роман'),(1508,'Sbnup rfviml','Роман'),(1509,'Cgqnb maxzez','Роман'),(1510,'Miscx evlazz','Роман'),(1511,'Rqvqc bhtngj','Роман'),(1512,'Jptmr zglnpy','Роман'),(1513,'Waqsx ghfomv','Роман'),(1514,'Errap usbeoq','Роман'),(1515,'Xzoav enzrpq','Роман'),(1516,'Mbbno kbtvot','Роман'),(1517,'Sygin fwcvuy','Роман'),(1518,'Tbibh kxvwst','Роман'),(1519,'Kcshh tbzsas','Роман'),(1520,'Ctlxe jmhetq','Роман'),(1521,'Tflzx opgwuv','Роман'),(1522,'Yjlpw qvxexa','Роман'),(1523,'Wogmh ffzcir','Роман'),(1524,'Opppe hqnlvp','Роман'),(1525,'Pufvi ixxkvj','Роман'),(1526,'Qexkv ydhhnr','Роман'),(1527,'Hiwyc vueadm','Роман'),(1528,'Gkhmw iylobm','Роман'),(1529,'Lmjwy gzjxtz','Роман'),(1530,'Hiikx qrqaxm','Роман'),(1531,'Wpfix ioavjw','Роман'),(1532,'Zggvg initzz','Роман'),(1533,'Bhxea wjxwng','Роман'),(1534,'Vzvll wavrpi','Роман'),(1535,'Nozdj xusmsy','Роман'),(1536,'Lfukw tvupns','Роман'),(1537,'Phjyx iaxjtl','Роман'),(1538,'Zmqan qyecvp','Роман'),(1539,'Gjugi ougwfl','Роман'),(1540,'Gycgq mxiiej','Роман'),(1541,'Hffqj thbwxa','Роман'),(1542,'Knfnz yvnmka','Роман'),(1543,'Rpzwf hgakoa','Роман'),(1544,'Lnsun qkqhrt','Роман'),(1545,'Vdidk etpian','Роман'),(1546,'Piwsa xiopgr','Роман'),(1547,'Kxvka tjmmke','Роман'),(1548,'Hpsmf jgxfcy','Роман'),(1549,'Jlqyf bpjrgd','Роман'),(1550,'Etael saikhl','Роман'),(1551,'Fonbz ylyavm','Роман'),(1552,'Ulzly ykwywz','Роман'),(1553,'Cfllc scvcjf','Роман'),(1554,'Stdeq rvixra','Роман'),(1555,'Ieycv ujmljr','Роман'),(1556,'Mlwys xhjetb','Роман'),(1557,'Ishqd yikhmp','Роман'),(1558,'Dvijx resgdw','Роман'),(1559,'Wztiz hklyto','Роман'),(1560,'Lbfqt macmdd','Роман'),(1561,'Uzwnp wqnjwe','Роман'),(1562,'Ctncv lfpgtp','Роман'),(1563,'Emgxk gcjrzz','Роман'),(1564,'Ifbfo yeppug','Роман'),(1565,'Kzdua lnfmcq','Роман'),(1566,'Sulwp pnqiaq','Роман'),(1567,'Jeqdn jahppw','Роман'),(1568,'Esnin tmyalg','Роман'),(1569,'Xhhhy dkokus','Роман'),(1570,'Pgpzr syivxt','Роман'),(1571,'Kxkcu spitkf','Роман'),(1572,'Haeoe jibcry','Роман'),(1573,'Uuemm vnyoau','Роман'),(1574,'Wkwws oumnpp','Роман'),(1575,'Zwvzc gcnytp','Роман'),(1576,'Rhayp bqxldb','Роман'),(1577,'Qxevp zalqau','Роман'),(1578,'Elsmp utawxq','Роман'),(1579,'Gvvll xstfnv','Роман'),(1580,'Hqtty axnelz','Роман'),(1581,'Qjuuk slsfwh','Роман'),(1582,'Frfog tuxfcy','Роман'),(1583,'Zqxgi kwfosz','Роман'),(1584,'Ttgur ybotah','Роман'),(1585,'Lzwdv xxstwv','Роман'),(1586,'Gdcau nwolyc','Роман'),(1587,'Nhbfi hmwezk','Роман'),(1588,'Zxgey kevhgd','Роман'),(1589,'Lcnfm ffkuuz','Роман'),(1590,'Dusqt ilmgkw','Роман'),(1591,'Bgraa dxxivd','Роман'),(1592,'Qwnww zxufpd','Роман'),(1593,'Fsrnb ponolf','Роман'),(1594,'Pmedf xtikog','Роман'),(1595,'Jzxtk ehuuwa','Роман'),(1596,'Ojxue wtqrbq','Роман'),(1597,'Jgdtg aalgdk','Роман'),(1598,'Uetss jgxpzl','Роман'),(1599,'Bhwpu jhhmyr','Роман'),(1600,'Pwhld pljskr','Роман'),(1601,'Okgrx thfnpn','Роман'),(1602,'Buoeg lxbkth','Роман'),(1603,'Fbyup iiznjf','Роман'),(1604,'Nckzo glzlob','Роман'),(1605,'Mcpfy wgdwow','Роман'),(1606,'Rkdue dilmmm','Роман'),(1607,'Arepz lhmjnu','Роман'),(1608,'Bwfur lxejrq','Роман'),(1609,'Hagfi hacbvz','Роман'),(1610,'Hznml pqxqoi','Роман'),(1611,'Qnzwd wyhhar','Роман'),(1612,'Ckdjo motwmc','Роман'),(1613,'Tfxgn fyitnr','Роман'),(1614,'Gcadl ikkogx','Роман'),(1615,'Ambii dhwzsx','Роман'),(1616,'Rbhdq febnwi','Роман'),(1617,'Iunhm qcjejd','Роман'),(1618,'Tcrkj bwlrmv','Роман'),(1619,'Osplv msjsvq','Роман'),(1620,'Xlygi fwitap','Роман'),(1621,'Gsoxa pqosdw','Роман'),(1622,'Nsxhb hucrpo','Роман'),(1623,'Kfjlf ygncgn','Роман'),(1624,'Gxpnb swazjg','Роман'),(1625,'Doxyq huqmyy','Роман'),(1626,'Cozrs ybbruv','Роман'),(1627,'Xpyxx dlpcyl','Роман'),(1628,'Axctb oavmjg','Роман'),(1629,'Fosgw sdowar','Роман'),(1630,'Ytesp kaktnz','Роман'),(1631,'Hqiiy estgir','Роман'),(1632,'Lcvko fzsdhk','Роман'),(1633,'Jbblz crfpyh','Роман'),(1634,'Jjltc hxscnp','Роман'),(1635,'Agczi xbjrrb','Роман'),(1636,'Sjasy uxoqrj','Роман'),(1637,'Qstlq plpxok','Роман'),(1638,'Afftk ferwkk','Роман'),(1639,'Brpmy jntmtf','Роман'),(1640,'Hbfgh zllxze','Роман'),(1641,'Nuarm xbcdbl','Роман'),(1642,'Byavd ewobfh','Роман'),(1643,'Pgxey ehkhem','Роман'),(1644,'Fphaj zhccwy','Роман'),(1645,'Hfxav urheeb','Роман'),(1646,'Bhwqt zamlkq','Роман'),(1647,'Iofov seeghp','Роман'),(1648,'Viwmi czvsdv','Роман'),(1649,'Asqbm wwgimj','Роман'),(1650,'Svsfu hctmuo','Роман'),(1651,'Sabop iyljol','Роман'),(1652,'Izxkl mvwglq','Роман'),(1653,'Jgguk uajimo','Роман'),(1654,'Renbz kknfoz','Роман'),(1655,'Gzvtx dbpmfd','Роман'),(1656,'Ybfbu hilmxb','Роман'),(1657,'Ywakb irjmvz','Роман'),(1658,'Xyjxk umkfsg','Роман'),(1659,'Mjnxk bpllhs','Роман'),(1660,'Vnyem yivucb','Роман'),(1661,'Dvzhh twoeoe','Роман'),(1662,'Trqpi mqngiq','Роман'),(1663,'Szkvb lufjdo','Роман'),(1664,'Ufnef rkngac','Роман'),(1665,'Huvzm jrigws','Роман'),(1666,'Lxksr grkllc','Роман'),(1667,'Bwbko eakggd','Роман'),(1668,'Owsdb kwtrql','Роман'),(1669,'Mwsps pyfwhl','Роман'),(1670,'Lymhl hobdzi','Роман'),(1671,'Thhxs ftdshi','Роман'),(1672,'Vzsho gqmifg','Роман'),(1673,'Goxrv kqwldm','Роман'),(1674,'Jmqbe okurli','Роман'),(1675,'Vmrim gvvesr','Роман'),(1676,'Xgzjr ixzgdw','Роман'),(1677,'Iodll vizado','Роман'),(1678,'Nqnug gsrceo','Роман'),(1679,'Uuexa kusuhs','Роман'),(1680,'Syrxw fxzvjd','Роман'),(1681,'Iaeke etplrj','Роман'),(1682,'Ievhq edbnew','Роман'),(1683,'Guxjg dgcllf','Роман'),(1684,'Purou xllweu','Роман'),(1685,'Xtdvq nuvbjc','Роман'),(1686,'Lplqe gtsorq','Роман'),(1687,'Boiur lwyyyb','Роман'),(1688,'Hawgy lbnsvg','Роман'),(1689,'Uwxhx pnemdb','Роман'),(1690,'Nfjjh jsnzix','Роман'),(1691,'Tyvcu jdkrnq','Роман'),(1692,'Ypevo jdchyo','Роман'),(1693,'Axlxe jixeag','Роман'),(1694,'Sawzo uijrgz','Роман'),(1695,'Ltqho ejefrg','Роман'),(1696,'Gkbnj lnbhwo','Роман'),(1697,'Smhch rhrufr','Роман'),(1698,'Jyivt gbhaqp','Роман'),(1699,'Nkfro lltjiy','Роман'),(1700,'Ckcqj szhexw','Роман'),(1701,'Ofgrv oggxyc','Роман'),(1702,'Hgajq tusdzu','Роман'),(1703,'Jtbbf vmopui','Роман'),(1704,'Uzham paplzj','Роман'),(1705,'Awfno swndwz','Роман'),(1706,'Exyts xyyqqy','Роман'),(1707,'Amygp bfqvlf','Роман'),(1708,'Tgtgs xiobla','Роман'),(1709,'Grgor lqsmaj','Роман'),(1710,'Tmpsr odirlv','Роман'),(1711,'Cmxgs cojvel','Роман'),(1712,'Yxqws lonzpd','Роман'),(1713,'Qifdt ocwzry','Роман'),(1714,'Wzgnd atsuxy','Роман'),(1715,'Dyvbu amxfky','Роман'),(1716,'Xploq ypjliz','Роман'),(1717,'Fpmla qvvegj','Роман'),(1718,'Bgkzy mzgjya','Роман'),(1719,'Euzlo mddsnc','Роман'),(1720,'Thsmu kdzxxg','Роман'),(1721,'Rytob gkhpnh','Роман'),(1722,'Zxxpz ufswaz','Роман'),(1723,'Xnagn zatfcg','Роман'),(1724,'Dwldn zfexco','Роман'),(1725,'Ccemm nepwva','Роман'),(1726,'Cuyro lhudsh','Роман'),(1727,'Lorrv cfkcuz','Роман'),(1728,'Rkobc pzgonj','Роман'),(1729,'Nsiqo oimlyi','Роман'),(1730,'Rdexy fhhkhn','Роман'),(1731,'Gyqrn mzbzql','Роман'),(1732,'Leacr ntehge','Роман'),(1733,'Kvrff wesbqt','Роман'),(1734,'Spdrv voubnc','Роман'),(1735,'Xmfga owrxui','Роман'),(1736,'Iyymo rbsouz','Роман'),(1737,'Wcyxm tflbum','Роман'),(1738,'Skilf kiuoxk','Роман'),(1739,'Akswl xnitlp','Роман'),(1740,'Pjfxa gylxfs','Роман'),(1741,'Ljevz ketyfb','Роман'),(1742,'Giylq rzhtxf','Роман'),(1743,'Jbnlh myopzj','Роман'),(1744,'Urwsd dumlzr','Роман'),(1745,'Ueflq tyzmgg','Роман'),(1746,'Mhawg adqygq','Роман'),(1747,'Mkuyh oggydt','Роман'),(1748,'Ntoih xgavcp','Роман'),(1749,'Cvoye mkczez','Роман'),(1750,'Bdpnr wkells','Роман'),(1751,'Ebpgv fpppcp','Роман'),(1752,'Amrov hlqovy','Роман'),(1753,'Oadga vffnek','Роман'),(1754,'Wefqt durups','Роман'),(1755,'Ciian lkywap','Роман'),(1756,'Jhnjf orhnsg','Роман'),(1757,'Byjtc gzcmni','Роман'),(1758,'Oujxr jiedgb','Роман'),(1759,'Tchbg wdsfcz','Роман'),(1760,'Yoooc rdssyc','Роман'),(1761,'Lwpmk mqmbbs','Роман'),(1762,'Rmhnj ofumin','Роман'),(1763,'Fpejx zivwzg','Роман'),(1764,'Dwbwo nnrcin','Роман'),(1765,'Jniim cnyzwe','Роман'),(1766,'Wxesw gduqmt','Роман'),(1767,'Octog wppstf','Роман'),(1768,'Errtq oafzti','Роман'),(1769,'Mdsfd ihwyle','Роман'),(1770,'Swqyp qmojkl','Роман'),(1771,'Lrmdw rjcsbf','Роман'),(1772,'Jhejj hwrlsg','Роман'),(1773,'Rhprn czrfqc','Роман'),(1774,'Htwlg rligjy','Роман'),(1775,'Ffheh nvckrd','Роман'),(1776,'Fmrei euyjjv','Роман'),(1777,'Laifo onvasg','Роман'),(1778,'Hwxui amddac','Роман'),(1779,'Zfsrw flgbdm','Роман'),(1780,'Nxvdg tqmpcx','Роман'),(1781,'Bdtdj tglcpj','Роман'),(1782,'Zipuv thjngj','Роман'),(1783,'Iungg pvguno','Роман'),(1784,'Xtruc duxwzv','Роман'),(1785,'Wkevp nderpf','Роман'),(1786,'Ldsif yenjvo','Роман'),(1787,'Hxzgb dlwgbm','Роман'),(1788,'Pxady ntewxa','Роман'),(1789,'Dqjup psfvvp','Роман'),(1790,'Rjybo oiswqu','Роман'),(1791,'Ufccz vkulio','Роман'),(1792,'Easrl vttvrb','Роман'),(1793,'Wpgtd odwcxg','Роман'),(1794,'Qoghb ncthuv','Роман'),(1795,'Nmbom oohmfj','Роман'),(1796,'Bqkwl bgtzus','Роман'),(1797,'Hkyxc amlkcm','Роман'),(1798,'Cfhsj adaiax','Роман'),(1799,'Frfhr aqkqvh','Роман'),(1800,'Kbklv llfync','Роман'),(1801,'Fvbch tsiwby','Роман'),(1802,'Imiwc lcreuk','Роман'),(1803,'Zoort ntnftv','Роман'),(1804,'Mlryg mdrsaw','Роман'),(1805,'Zlheu advozi','Роман'),(1806,'Kvodk gwnwub','Роман'),(1807,'Ipdys zvimud','Роман'),(1808,'Ollxt swzrsa','Роман'),(1809,'Kqakh ajhsna','Роман'),(1810,'Rsslk hdruaj','Роман'),(1811,'Dbcmz dhtqeu','Роман'),(1812,'Hmeer yssvte','Роман'),(1813,'Bjzjx mytyyi','Роман'),(1814,'Clzmp uniywt','Роман'),(1815,'Cnjjr jqzyaq','Роман'),(1816,'Qhtvd czekbk','Роман'),(1817,'Hvbsw kvnbcv','Роман'),(1818,'Imxsb fpuzko','Роман'),(1819,'Tcwqz ncaomf','Роман'),(1820,'Vjfni ejyzte','Роман'),(1821,'Ieeyo dwqxby','Роман'),(1822,'Fpeih txtxyb','Роман'),(1823,'Atutw jdywfs','Роман'),(1824,'Hmryl xecbcf','Роман'),(1825,'Mozuo qgfynp','Роман'),(1826,'Eydgk nemnur','Роман'),(1827,'Znugx ccufvp','Роман'),(1828,'Ojpnl qopdgc','Роман'),(1829,'Zipdc luauja','Роман'),(1830,'Iscpz acfxzo','Роман'),(1831,'Gyaom rrijjt','Роман'),(1832,'Qfury njbnbw','Роман'),(1833,'Uzixu cofmcc','Роман'),(1834,'Tevtt ftnhnr','Роман'),(1835,'Fzpel vyfrdf','Роман'),(1836,'Maihj lafwlm','Роман'),(1837,'Kaebq jxfght','Роман'),(1838,'Fcdmf ynlhto','Роман'),(1839,'Wzgdt sdrdof','Роман'),(1840,'Gtxlx giuage','Роман'),(1841,'Glcsz mjqgii','Роман'),(1842,'Lophj apyinc','Роман'),(1843,'Hvgas aocade','Роман'),(1844,'Tjckk ahsbbh','Роман'),(1845,'Vnfhn gjksgo','Роман'),(1846,'Jnpid hghydm','Роман'),(1847,'Rssye pdcqvh','Роман'),(1848,'Ghotp nazkrs','Роман'),(1849,'Focpl mwkkpp','Роман'),(1850,'Iilhf irjxvn','Роман'),(1851,'Azmiu rirzto','Роман'),(1852,'Gjdgz nnjxat','Роман'),(1853,'Oetnj qulppp','Роман'),(1854,'Uvtzk nnpxqp','Роман'),(1855,'Lpdem rwfpyb','Роман'),(1856,'Nnfpz qkskmf','Роман'),(1857,'Udscz kvogom','Роман'),(1858,'Basum hgtpgd','Роман'),(1859,'Okofl gycrqt','Роман'),(1860,'Jxezh hpuzom','Роман'),(1861,'Xbyje qxudmc','Роман'),(1862,'Xaoqr uuwecs','Роман'),(1863,'Ggiox sinpah','Роман'),(1864,'Grdrq bglxla','Роман'),(1865,'Wpaeh bhfsbx','Роман'),(1866,'Rhazn bxsjoo','Роман'),(1867,'Tjgbk exddxg','Роман'),(1868,'Wjaog bgveli','Роман'),(1869,'Fnyfd ygpgue','Роман'),(1870,'Uiczg lpxjiu','Роман'),(1871,'Qlslb eevejj','Роман'),(1872,'Xezvj lmswhe','Роман'),(1873,'Jytka jadnna','Роман'),(1874,'Fyrjo rlsctw','Роман'),(1875,'Bwwes pegpnj','Роман'),(1876,'Pyuvd hkklny','Роман'),(1877,'Efimj ofzogq','Роман'),(1878,'Irqum wfjpaw','Роман'),(1879,'Mbjai uzfxgh','Роман'),(1880,'Hkifi xzrpoe','Роман'),(1881,'Pmays zcdatp','Роман'),(1882,'Kpaar gsnbmr','Роман'),(1883,'Pzkzm jlxjvd','Роман'),(1884,'Vxvyu uwvahf','Роман'),(1885,'Rjxvt uokdmj','Роман'),(1886,'Vytpj lhzohl','Роман'),(1887,'Wbsvx pxoucw','Роман'),(1888,'Mckvk ccjbnr','Роман'),(1889,'Aehjb kuzsec','Роман'),(1890,'Bfidz xqdont','Роман'),(1891,'Pdpck ovmabj','Роман'),(1892,'Xzbiv qhrcus','Роман'),(1893,'Lugbu ljslbl','Роман'),(1894,'Uxapx evdcgu','Роман'),(1895,'Fjplq bkqlec','Роман'),(1896,'Pngrc rsyesl','Роман'),(1897,'Swgyd knjqel','Роман'),(1898,'Amptd mpcubz','Роман'),(1899,'Mjlmm lkobum','Роман'),(1900,'Ylshp cjbacs','Роман'),(1901,'Fdqkw wobwci','Роман'),(1902,'Dxhon iwfjhb','Роман'),(1903,'Fzljs lgwaur','Роман'),(1904,'Dizaq iojjpb','Роман'),(1905,'Bsnko dvhxoj','Роман'),(1906,'Ctlpb hqqcqi','Роман'),(1907,'Dfzpv umyhfy','Роман'),(1908,'Ecqpo xkagio','Роман'),(1909,'Ghmlc githfg','Роман'),(1910,'Bjxpp veuiju','Роман'),(1911,'Ojyux yiqrrh','Роман'),(1912,'Xvmnp fvctoh','Роман'),(1913,'Snlga xucdby','Роман'),(1914,'Mdlbo vegwih','Роман'),(1915,'Msgrv pohgol','Роман'),(1916,'Osoal hakbhh','Роман'),(1917,'Qdzxd inaxmk','Роман'),(1918,'Ugkfv tccrnu','Роман'),(1919,'Vozzz ndqtnr','Роман'),(1920,'Feuas izskds','Роман'),(1921,'Tqpiq nptosg','Роман'),(1922,'Fzrep dbgzor','Роман'),(1923,'Wxwpc nyxvqo','Роман'),(1924,'Wlxxw sleysx','Роман'),(1925,'Xsjgr qqflpm','Роман'),(1926,'Edzoq pacsic','Роман'),(1927,'Fitzy pmeupt','Роман'),(1928,'Tyevg rvyzfr','Роман'),(1929,'Xslor qkjcjt','Роман'),(1930,'Ryytu wzqnhg','Роман'),(1931,'Rsjvj cvqcrc','Роман'),(1932,'Vmdyh bamsbf','Роман'),(1933,'Thaya dxvmdh','Роман'),(1934,'Xvpha mzrlfs','Роман'),(1935,'Zrmyp yvgdjp','Роман'),(1936,'Roryi qboojs','Роман'),(1937,'Itklk nhyfmb','Роман'),(1938,'Qrwvc recqla','Роман'),(1939,'Gidjt uehktz','Роман'),(1940,'Prqol ylfeck','Роман'),(1941,'Oizfd rphcgv','Роман'),(1942,'Krnea zslvks','Роман'),(1943,'Kradp itgoun','Роман'),(1944,'Fohng bjkyec','Роман'),(1945,'Vcatr xexstv','Роман'),(1946,'Lshqe coaiye','Роман'),(1947,'Mscwu weoheh','Роман'),(1948,'Akysb dafpxu','Роман'),(1949,'Nhtnd gqglwy','Роман'),(1950,'Sknwb dtdwkh','Роман'),(1951,'Mbpup hofawo','Роман'),(1952,'Jvjzj vlvpuv','Роман'),(1953,'Nirsw hlizkl','Роман'),(1954,'Uhfuq vqffkx','Роман'),(1955,'Svcpz pspsno','Роман'),(1956,'Nvygq zwlqhb','Роман'),(1957,'Yhnzz pczjse','Роман'),(1958,'Bsadx ydtwva','Роман'),(1959,'Dmgfg irirns','Роман'),(1960,'Ehdng cudgju','Роман'),(1961,'Ivwod oqnszt','Роман'),(1962,'Egjpl ojkios','Роман'),(1963,'Tvjgv hincze','Роман'),(1964,'Rzwrh mlrtsx','Роман'),(1965,'Kiguz tnyrct','Роман'),(1966,'Rkuho wheseq','Роман'),(1967,'Eolbw sroneb','Роман'),(1968,'Tahmc odogiw','Роман'),(1969,'Cobkw ohpngg','Роман'),(1970,'Znasf keyqvt','Роман'),(1971,'Gftzb leejhn','Роман'),(1972,'Swaqw yfwojg','Роман'),(1973,'Wttsh ulkadv','Роман'),(1974,'Qyeiu vjjpmm','Роман'),(1975,'Ysjxd ofqkkw','Роман'),(1976,'Jmert welwer','Роман'),(1977,'Vsxab vuynjg','Роман'),(1978,'Vxcsz ntftya','Роман'),(1979,'Zbejw wmomcw','Роман'),(1980,'Ubzhu iopvnq','Роман'),(1981,'Qcwfq bfkjlb','Роман'),(1982,'Pbgzc ncltmt','Роман'),(1983,'Ajcwj rpybfl','Роман'),(1984,'Rhoyo mvlklf','Роман'),(1985,'Zcnbp qejmah','Роман'),(1986,'Bgecg grwhcz','Роман'),(1987,'Pmrhh esvhan','Роман'),(1988,'Axpnu tlmcyn','Роман'),(1989,'Qdynf tpdvmk','Роман'),(1990,'Qnjtm kqnyuu','Роман'),(1991,'Tirze czspzn','Роман'),(1992,'Fuwqo gbtrox','Роман'),(1993,'Gwstc uytuxv','Роман'),(1994,'Nlaaj coulqz','Роман'),(1995,'Wlhgy tyovnj','Роман'),(1996,'Punbq jtrany','Роман'),(1997,'Ntygc gbhejx','Роман'),(1998,'Wggmx hgozhc','Роман'),(1999,'Xhdxs vcqyzw','Роман'),(2000,'Pbbif gqozxc','Роман'),(2001,'Pcdfh kbcnwz','Роман'),(2002,'Kmaiv iatxzy','Роман'),(2003,'Guelx adhhox','Роман'),(2004,'Kxbmi hgeyum','Роман'),(2005,'Ghvgo lbxady','Роман'),(2006,'Uangv xomxrs','Роман'),(2007,'Bqffj evmuyi','Роман'),(2008,'Wbbdt ditnug','Роман'),(2009,'Qmiab nsvkyg','Роман'),(2010,'Pmztn eciuld','Роман'),(2011,'Urokq zmmucl','Роман'),(2012,'Nwjvi ohrquf','Роман'),(2013,'Bisbk imhogt','Роман'),(2014,'Sxvvm lodzvm','Роман'),(2015,'Npcwi cuvmpd','Роман'),(2016,'Yvljz tvshnh','Роман'),(2017,'Frtgc xxcxye','Роман'),(2018,'Lwcew sqgjxf','Роман'),(2019,'Aufyp ulsdod','Роман'),(2020,'Jxvxp dahwvb','Роман'),(2021,'Wpdqw kvxzge','Роман'),(2022,'Qvexd pqxcdd','Роман'),(2023,'Bdsnc cxbnfx','Роман'),(2024,'Fjhax ulyzrl','Роман'),(2025,'Piqew fpwowx','Роман'),(2026,'Dwknt wlcasu','Роман'),(2027,'Dkhuk ngqtcw','Роман'),(2028,'Vhfxv lfvtoa','Роман'),(2029,'Gagxs xyjrkl','Роман'),(2030,'Nabfx wjnxig','Роман'),(2031,'Vxbnh njnpjg','Роман'),(2032,'Iijce rtwyoy','Роман'),(2033,'Tgjhc vfkxjw','Роман'),(2034,'Ceqsq ivqcqt','Роман'),(2035,'Vlwpl clgkoj','Роман'),(2036,'Jndzf kglboe','Роман'),(2037,'Xenrr qjtauu','Роман'),(2038,'Ysmkz gklbyr','Роман'),(2039,'Etsav kjvygr','Роман'),(2040,'Lzkoa jgyfvh','Роман'),(2041,'Mlncf hsysgh','Роман'),(2042,'Kwejy ojritz','Роман'),(2043,'Snojr nvxfod','Роман'),(2044,'Yxfoo twqhwv','Роман'),(2045,'Utnos qevckx','Роман'),(2046,'Jrmfp mszbkg','Роман'),(2047,'Rjpwm djrndk','Роман'),(2048,'Kfxgc yafrsh','Роман'),(2049,'Fjpai wrzydj','Роман'),(2050,'Hpugm ocepxq','Роман'),(2051,'Uimva zpjbmu','Роман'),(2052,'Gnkgy nbwnru','Роман'),(2053,'Jtoyt bskqtd','Роман'),(2054,'Guyiz hijwiu','Роман'),(2055,'Abwyb yaanyg','Роман'),(2056,'Ezojr qocmjc','Роман'),(2057,'Zwnbg hyslpj','Роман'),(2058,'Bxtmv tmliqd','Роман'),(2059,'Wsvvm cikplg','Роман'),(2060,'Joain utgtkb','Роман'),(2061,'Nnkxe sjaypk','Роман'),(2062,'Igeln gfuuol','Роман'),(2063,'Eikzu owhpuz','Роман'),(2064,'Icjqu dppxel','Роман'),(2065,'Jdwnn iihuqs','Роман'),(2066,'Ojodu okcqte','Роман'),(2067,'Tjjvf xvlnpg','Роман'),(2068,'Xtkfu fujsus','Роман'),(2069,'Fcgsu prrfmj','Роман'),(2070,'Lmure pkcprx','Роман'),(2071,'Tckkc peanek','Роман'),(2072,'Mdnlu bkbffo','Роман'),(2073,'Npcft feizkl','Роман'),(2074,'Nznge icblan','Роман'),(2075,'Oppuk lreitc','Роман'),(2076,'Dqhuj gqqqfu','Роман'),(2077,'Fvtyx orwxup','Роман'),(2078,'Turnv zaayur','Роман'),(2079,'Kahqr jmhsqk','Роман'),(2080,'Lycwo bifjqx','Роман'),(2081,'Sxrnm clbphs','Роман'),(2082,'Xiiyj sjcout','Роман'),(2083,'Suifn ikrcwx','Роман'),(2084,'Fscxv zziwdb','Роман'),(2085,'Bhefj ojuizr','Роман'),(2086,'Xzsmz eyzxzg','Роман'),(2087,'Caikw bkteqx','Роман'),(2088,'Qyljy hshake','Роман'),(2089,'Kldcz cvzgqb','Роман'),(2090,'Afeab vqktph','Роман'),(2091,'Nrjyp eyojlm','Роман'),(2092,'Zjaek pigxmd','Роман'),(2093,'Tlyci yqzaqq','Роман'),(2094,'Wqjff lnuewa','Роман'),(2095,'Fhsau riytmr','Роман'),(2096,'Cqfjl zrtuik','Роман'),(2097,'Lkpwy ilxlhh','Роман'),(2098,'Igkpv esmymk','Роман'),(2099,'Iospt dqtovb','Роман'),(2100,'Bdqsi rdambz','Роман'),(2101,'Hezcs msfkkv','Роман'),(2102,'Pahsc uaxhsr','Роман'),(2103,'Onnyd cdscex','Роман'),(2104,'Xkpdw vzzqow','Роман'),(2105,'Wyolh hlmabj','Роман'),(2106,'Edjjv xnubdn','Роман'),(2107,'Isheb jnwehb','Роман'),(2108,'Kvjdh dxdckt','Роман'),(2109,'Numrv orfamb','Роман'),(2110,'Uevlh srhjwo','Роман'),(2111,'Hpjza kdcbyj','Роман'),(2112,'Cnerb lbjpgb','Роман'),(2113,'Uexoa ivekbm','Роман'),(2114,'Iuhjv orpogn','Роман'),(2115,'Xtkwr fgwidn','Роман'),(2116,'Ocmhl wgbovf','Роман'),(2117,'Dkygq gjcqdt','Роман'),(2118,'Tneqp fetdyb','Роман'),(2119,'Yuxwt jkfsmo','Роман'),(2120,'Gnfhk orvqak','Роман'),(2121,'Efcug vwbscm','Роман'),(2122,'Cswsf tbthma','Роман'),(2123,'Vwkux wxcykr','Роман'),(2124,'Qcnwb kzqhve','Роман'),(2125,'Uamdi rdgroi','Роман'),(2126,'Yblnf kjunaw','Роман'),(2127,'Vhkof kpexxa','Роман'),(2128,'Nvfjb fetwhk','Роман'),(2129,'Gvfiw wiaxmq','Роман'),(2130,'Nkeua xfkmko','Роман'),(2131,'Etggc knxbhk','Роман'),(2132,'Hfixv apwjsg','Роман'),(2133,'Sntii ngxwid','Роман'),(2134,'Autgs tfalbs','Роман'),(2135,'Bmvat pvimtg','Роман'),(2136,'Kqwwj fmvvqa','Роман'),(2137,'Stixh vbbxof','Роман'),(2138,'Mzyvy xzfhfi','Роман'),(2139,'Apwgm syevqx','Роман'),(2140,'Stjrd fjvxvi','Роман'),(2141,'Woexr xsueeq','Роман'),(2142,'Gpowh cavddc','Роман'),(2143,'Bpwpn uyeubk','Роман'),(2144,'Drxjg ljziai','Роман'),(2145,'Epfit jntiht','Роман'),(2146,'Bqynp arxngm','Роман'),(2147,'Klywz qzrjax','Роман'),(2148,'Eeskn atbayw','Роман'),(2149,'Kqblt gndbxp','Роман'),(2150,'Ixmvs imskrk','Роман'),(2151,'Dhhul ylepcl','Роман'),(2152,'Piyas jbnoeg','Роман'),(2153,'Irybo zzebsn','Роман'),(2154,'Rdwrp lrsmjk','Роман'),(2155,'Vvydt dfgubv','Роман'),(2156,'Xptny hddqte','Роман'),(2157,'Atwwi mtnimz','Роман'),(2158,'Yfbnq lkbwpa','Роман'),(2159,'Iopik jrxfvc','Роман'),(2160,'Dyrro tdxdli','Роман'),(2161,'Ywxkc wbavir','Роман'),(2162,'Phyrn gavniq','Роман'),(2163,'Lzfkl ajlurh','Роман'),(2164,'Jeoko xbdsny','Роман'),(2165,'Snlax oktoqn','Роман'),(2166,'Rukni svfccj','Роман'),(2167,'Ftrjd girzus','Роман'),(2168,'Qrwby rnmfkz','Роман'),(2169,'Eeypw iphqwr','Роман'),(2170,'Ummrj bvkrae','Роман'),(2171,'Mssuw vjdbmz','Роман'),(2172,'Nvyhd sylyvu','Роман'),(2173,'Iaxzv bxsliz','Роман'),(2174,'Xdibm mxyqhq','Роман'),(2175,'Awmpt btrtcy','Роман'),(2176,'Qjlww fpsine','Роман'),(2177,'Tujdk bvnnue','Роман'),(2178,'Rprbq gxxiax','Роман'),(2179,'Yitww rzwabv','Роман'),(2180,'Nsnhd xzvycx','Роман'),(2181,'Hyxxm riquyl','Роман'),(2182,'Hqhdz yhbole','Роман'),(2183,'Rhows kcwmcs','Роман'),(2184,'Nsdud alefzo','Роман'),(2185,'Zjmll wuynqj','Роман'),(2186,'Ttnkq aceoqm','Роман'),(2187,'Uietl tmrjxo','Роман'),(2188,'Xslxa jozrea','Роман'),(2189,'Gcxis tkjfnd','Роман'),(2190,'Sxamo fupqvg','Роман'),(2191,'Wksgx nbxrfd','Роман'),(2192,'Ykndz savvtv','Роман'),(2193,'Pbpyj wggqel','Роман'),(2194,'Wysmu kwoqxf','Роман'),(2195,'Yqmot vssdvf','Роман'),(2196,'Wecaz zcfuqp','Роман'),(2197,'Pekzs ovfajd','Роман'),(2198,'Lesfm oagnxr','Роман'),(2199,'Xypqb nspbsm','Роман'),(2200,'Ffdfq gbnhvs','Роман'),(2201,'Iybqy ybuydr','Роман'),(2202,'Xwvzt ojxkot','Роман'),(2203,'Aywkl ensjgo','Роман'),(2204,'Dwzlj xasebc','Роман'),(2205,'Jdnij zfsett','Роман'),(2206,'Zlejd vhjdwx','Роман'),(2207,'Izxri qqyhxs','Роман'),(2208,'Tjsuu axbujg','Роман'),(2209,'Sitow pqymwh','Роман'),(2210,'Vfrrg kgeafm','Роман'),(2211,'Rcdmh esgent','Роман'),(2212,'Wwpae fckzaz','Роман'),(2213,'Aunnp mrcqtk','Роман'),(2214,'Rgnfz oynybd','Роман'),(2215,'Bpbzl btrrya','Роман'),(2216,'Xtnmv enxoly','Роман'),(2217,'Mkoyt bsyuid','Роман'),(2218,'Qllgc clpskw','Роман'),(2219,'Zyfiu rjofhf','Роман'),(2220,'Vskaq ttxoql','Роман'),(2221,'Rwyzg caarmf','Роман'),(2222,'Gwaac oidqlg','Роман'),(2223,'Kiecz xhclls','Роман'),(2224,'Iumrf gqhbbi','Роман'),(2225,'Figtk rzjbrw','Роман'),(2226,'Zyhxm kvkhmc','Роман'),(2227,'Mtnbn sfgezv','Роман'),(2228,'Taegt mifmll','Роман'),(2229,'Gycfm kejgzn','Роман'),(2230,'Ichnv poupqv','Роман'),(2231,'Hutcp uiuxnp','Роман'),(2232,'Jlasj nqmatg','Роман'),(2233,'Iveuo nyuwtu','Роман'),(2234,'Encdr mzhosz','Роман'),(2235,'Afeje efsebn','Роман'),(2236,'Qsoso uybicv','Роман'),(2237,'Pcxby vqwbdo','Роман'),(2238,'Xdzrf xydzhy','Роман'),(2239,'Mscol dymesv','Роман'),(2240,'Dghvn svtals','Роман'),(2241,'Hvpqq fcpomp','Роман'),(2242,'Mwvnb utnawn','Роман'),(2243,'Ygycf llpnnp','Роман'),(2244,'Lvgxv gejikj','Роман'),(2245,'Hubpp yjvkvf','Роман'),(2246,'Rpgdt rmeeqv','Роман'),(2247,'Dsjwf iochal','Роман'),(2248,'Qnapq sxeqsn','Роман'),(2249,'Yjfgl jdkyvh','Роман'),(2250,'Xywkc cappcg','Роман'),(2251,'Dgvxi gqidqw','Роман'),(2252,'Vbmah gkeepz','Роман'),(2253,'Zjpaq wajxzi','Роман'),(2254,'Pjegs obtfnq','Роман'),(2255,'Lmtbj yjnrko','Роман'),(2256,'Yexdt crjunx','Роман'),(2257,'Rtypf tmkqys','Роман'),(2258,'Qszvt vtgypb','Роман'),(2259,'Bckcu chzcmz','Роман'),(2260,'Mbzxe dezdym','Роман'),(2261,'Ocvyg qqujmt','Роман'),(2262,'Ulnhf dibyjv','Роман'),(2263,'Uhkms wgtbhd','Роман'),(2264,'Amxzv ithytf','Роман'),(2265,'Ongwy vatlmi','Роман'),(2266,'Sbpxb xgtclj','Роман'),(2267,'Vrkar twdbxr','Роман'),(2268,'Uvmdl trybdf','Роман'),(2269,'Tlkgf fjuhik','Роман'),(2270,'Wvjoh dakglv','Роман'),(2271,'Resjy awckpd','Роман'),(2272,'Flfvg qymopp','Роман'),(2273,'Qvrsq ldfeij','Роман'),(2274,'Vmczq dmbxsn','Роман'),(2275,'Dahvr eouerh','Роман'),(2276,'Unisv xpvbjn','Роман'),(2277,'Xqskv tfxdkv','Роман'),(2278,'Miphg ufiigx','Роман'),(2279,'Gpogu xuxryw','Роман'),(2280,'Mrwys xastxy','Роман'),(2281,'Onbgb dvvfhd','Роман'),(2282,'Zesqj peqsra','Роман'),(2283,'Jhnqx wdnqfm','Роман'),(2284,'Usode msfacv','Роман'),(2285,'Kknbr diedlz','Роман'),(2286,'Dhehb tdmrgu','Роман'),(2287,'Suntf oziivh','Роман'),(2288,'Ryygx ulxhnk','Роман'),(2289,'Grwji goudke','Роман'),(2290,'Fnguj bkyjxd','Роман'),(2291,'Inrgz zyttdz','Роман'),(2292,'Kdvnt gapnrv','Роман'),(2293,'Ibqiw wwdktz','Роман'),(2294,'Evbvz kylflh','Роман'),(2295,'Avawd mpqomk','Роман'),(2296,'Ckdpv qwabuw','Роман'),(2297,'Vzlun numimq','Роман'),(2298,'Mcipk hibokw','Роман'),(2299,'Cpxqm dqziqj','Роман'),(2300,'Kscfn hsjttk','Роман'),(2301,'Tuhcb wvisvx','Роман'),(2302,'Elitt moptwl','Роман'),(2303,'Yedhw mxfudl','Роман'),(2304,'Qixmn pkjdkl','Роман'),(2305,'Fblwq rnpzid','Роман'),(2306,'Kkqvn rdhcuk','Роман'),(2307,'Mterd wzjqsw','Роман'),(2308,'Gwawa ckpwgt','Роман'),(2309,'Ypeyy xcwstn','Роман'),(2310,'Dgyfp oipwfr','Роман'),(2311,'Zcxgi adkjbd','Роман'),(2312,'Fynjw jbfrwj','Роман'),(2313,'Phnfr xjhvzv','Роман'),(2314,'Zoeuo esrlnp','Роман'),(2315,'Pumfr oufwvs','Роман'),(2316,'Eppha tbztni','Роман'),(2317,'Jgmag stjmom','Роман'),(2318,'Qccst cqctrk','Роман'),(2319,'Uvmwd ksltut','Роман'),(2320,'Fjnuk sskbae','Роман'),(2321,'Nqfcs bwbjqp','Роман'),(2322,'Itgmc tohwoy','Роман'),(2323,'Phvmn bsnlqf','Роман'),(2324,'Vzuts nudygx','Роман'),(2325,'Uyibb zmprqz','Роман'),(2326,'Voadz cezrqn','Роман'),(2327,'Acupx osenyx','Роман'),(2328,'Wjteo mqpsly','Роман'),(2329,'Gcliy gvuwoy','Роман'),(2330,'Dljlq dzzhaq','Роман'),(2331,'Mzwij wzttsm','Роман'),(2332,'Fniyq tzaiej','Роман'),(2333,'Glwox hrveza','Роман'),(2334,'Gzygg ilyvxy','Роман'),(2335,'Yoyoe eklvub','Роман'),(2336,'Ssquc rtexpw','Роман'),(2337,'Hnrjx pchapc','Роман'),(2338,'Cxmzj rqocrk','Роман'),(2339,'Wcqmv nhqfoj','Роман'),(2340,'Oicnk ooegaa','Роман'),(2341,'Rpaia tspjek','Роман'),(2342,'Qgfgg axnory','Роман'),(2343,'Jqxky gjzhin','Роман'),(2344,'Qyahj cdottj','Роман'),(2345,'Zkntq nhvpli','Роман'),(2346,'Pxayy sahmlt','Роман'),(2347,'Lvwqc etybwg','Роман'),(2348,'Ncprn egttip','Роман'),(2349,'Tniui jknovc','Роман'),(2350,'Muoku ptxwvj','Роман'),(2351,'Tcjdr allsbs','Роман'),(2352,'Hxtbl ikflsr','Роман'),(2353,'Blpvu ipwihw','Роман'),(2354,'Txojy stfbfk','Роман'),(2355,'Afcjo tmulty','Роман'),(2356,'Qonni quddkf','Роман'),(2357,'Znsam rbfgtg','Роман'),(2358,'Cwxpj qmrguh','Роман'),(2359,'Pbhir vidhkw','Роман'),(2360,'Dlcdi bxauaj','Роман'),(2361,'Wwvni kezavs','Роман'),(2362,'Dzspc mzcmgi','Роман'),(2363,'Diiet mexoip','Роман'),(2364,'Fthvf vqqhxb','Роман'),(2365,'Rlxtv dnkpdo','Роман'),(2366,'Qsnmv ynhcop','Роман'),(2367,'Uvbza yqdfaj','Роман'),(2368,'Bxawf pnouyd','Роман'),(2369,'Qvown plidok','Роман'),(2370,'Pazpe vsfpeh','Роман'),(2371,'Evdsg ojzpam','Роман'),(2372,'Dbmts vlufaf','Роман'),(2373,'Qitmw lczelg','Роман'),(2374,'Eizfj ptmrtx','Роман'),(2375,'Knpky xkhyjr','Роман'),(2376,'Xpxdm xtuwng','Роман'),(2377,'Qqspx wwbbwy','Роман'),(2378,'Mumhs nsgdbh','Роман'),(2379,'Msiiz dakeir','Роман'),(2380,'Wboft uvgazd','Роман'),(2381,'Gpgis ngfoor','Роман'),(2382,'Hjoqw vtrtod','Роман'),(2383,'Pqhjf vwhykt','Роман'),(2384,'Nuqft uqfgry','Роман'),(2385,'Bsrfj kcjjsb','Роман'),(2386,'Ghsty ijashc','Роман'),(2387,'Kcnsa nfxqok','Роман'),(2388,'Otesc rnlxgk','Роман'),(2389,'Vyxgp xuhzdu','Роман'),(2390,'Asiyt ffsnmp','Роман'),(2391,'Cgfak suqdnt','Роман'),(2392,'Oetyj qcescj','Роман'),(2393,'Hkxwj xnthmh','Роман'),(2394,'Bmzdl apakeg','Роман'),(2395,'Kdfug psukcl','Роман'),(2396,'Ekkhk kaqhgy','Роман'),(2397,'Dzvsf lzvwcc','Роман'),(2398,'Stmfc imaxez','Роман'),(2399,'Zdqyz xoktgx','Роман'),(2400,'Kulgz btewad','Роман'),(2401,'Nikqq zmzpqy','Роман'),(2402,'Bveaf uteife','Роман'),(2403,'Mmfzb uoptux','Роман'),(2404,'Unxmf pbidxt','Роман'),(2405,'Zpfwj kczebv','Роман'),(2406,'Cnewu dmihrt','Роман'),(2407,'Kxogc cssduv','Роман'),(2408,'Cqhzk rwrawi','Роман'),(2409,'Dgfot wztwtc','Роман'),(2410,'Uoufj mfdlhl','Роман'),(2411,'Fjeow tfftpw','Роман'),(2412,'Wcjok eqeokr','Роман'),(2413,'Rafsc rtsmsv','Роман'),(2414,'Qlrfz ojljie','Роман'),(2415,'Ltzxd cabafu','Роман'),(2416,'Zswtz odinhd','Роман'),(2417,'Wmhkv yggvmg','Роман'),(2418,'Aeold fkytju','Роман'),(2419,'Rebia rebxax','Роман'),(2420,'Jpeyr vszwdz','Роман'),(2421,'Jdfrd yevfjn','Роман'),(2422,'Mjmyd rcksul','Роман'),(2423,'Fyvzn wgcsgk','Роман'),(2424,'Krkyz yuuovx','Роман'),(2425,'Duhli wuywrl','Роман'),(2426,'Ynvnf cmvfiy','Роман'),(2427,'Snhry rutyfm','Роман'),(2428,'Vooki auvjeq','Роман'),(2429,'Xhexr qqbxfu','Роман'),(2430,'Uldiu cijuud','Роман'),(2431,'Blmlt lhbdzn','Роман'),(2432,'Wnwzf gzeupx','Роман'),(2433,'Fvrbf acdqcp','Роман'),(2434,'Icowe ucurss','Роман'),(2435,'Inzid wuxrgn','Роман'),(2436,'Vpvwh iftpzy','Роман'),(2437,'Onrzq xdmdxl','Роман'),(2438,'Gwfuo rtynqz','Роман'),(2439,'Cywqt eajnbf','Роман'),(2440,'Ozyit rmfhjh','Роман'),(2441,'Wmvle nbxcef','Роман'),(2442,'Vhsyq pybfyj','Роман'),(2443,'Olozf bwebiv','Роман'),(2444,'Kbqel hsnczg','Роман'),(2445,'Qnuyj vjzhzn','Роман'),(2446,'Lebci pawopa','Роман'),(2447,'Fzxmz usethn','Роман'),(2448,'Wvend xniwgv','Роман'),(2449,'Tviyg ygwbiz','Роман'),(2450,'Cbcxa vufzlc','Роман'),(2451,'Eiemp awgshb','Роман'),(2452,'Kucgn naxdka','Роман'),(2453,'Vdsiv iqgbnn','Роман'),(2454,'Fvupk bigytl','Роман'),(2455,'Fdpym hpqemm','Роман'),(2456,'Dvdvi asfyou','Роман'),(2457,'Risvv atbgqz','Роман'),(2458,'Rwwst wancpj','Роман'),(2459,'Ilsbl nqfhwr','Роман'),(2460,'Zbzag gbxuin','Роман'),(2461,'Jhfab epjgke','Роман'),(2462,'Tufns yukrdy','Роман'),(2463,'Knhae qtswvf','Роман'),(2464,'Kldvz jramew','Роман'),(2465,'Dzgag zyheyn','Роман'),(2466,'Iujrk xwaxtl','Роман'),(2467,'Pvqzi unybbr','Роман'),(2468,'Kzwam uducom','Роман'),(2469,'Gqssu rybjhs','Роман'),(2470,'Ovhlg ynciah','Роман'),(2471,'Qwwfw fdzfxz','Роман'),(2472,'Gwckx qklhtn','Роман'),(2473,'Ohbal lfdyqo','Роман'),(2474,'Wapva kdgdei','Роман'),(2475,'Snejs kubfwf','Роман'),(2476,'Wwzcc ptpapa','Роман'),(2477,'Zbdkk pmjayn','Роман'),(2478,'Rumgi zzmosy','Роман'),(2479,'Hzfnb yflcgk','Роман'),(2480,'Pfnaf yrxpux','Роман'),(2481,'Fawbe xrpikn','Роман'),(2482,'Faiym kcpupw','Роман'),(2483,'Hmefb pvdkrl','Роман'),(2484,'Mzbon jwcycm','Роман'),(2485,'Npkvh pbypnv','Роман'),(2486,'Xfoyp xnrprn','Роман'),(2487,'Nazmn udsyzr','Роман'),(2488,'Kduod gmivmz','Роман'),(2489,'Jygtu fuyudb','Роман'),(2490,'Vuxgb jbpnjh','Роман'),(2491,'Aruhh fetjqd','Роман'),(2492,'Cbamd wbbept','Роман'),(2493,'Pgmmq qjggem','Роман'),(2494,'Yczkm vqajae','Роман'),(2495,'Yxkft yhlahd','Роман'),(2496,'Lpvzo ixsqed','Роман'),(2497,'Ctqun yuuysk','Роман'),(2498,'Mvdvp ytlgoh','Роман'),(2499,'Ncevd mubqsa','Роман'),(2500,'Oqopg pxotfw','Роман'),(2501,'Nxwij yjttfo','Роман'),(2502,'Azieo gmckdr','Роман'),(2503,'Jpahb jkjuff','Роман'),(2504,'Zbeen jylfbo','Роман'),(2505,'Wwbed xgtcyy','Роман'),(2506,'Wwwsm rndksm','Роман'),(2507,'Kozww tbyyfj','Роман'),(2508,'Iizcq ufupzx','Роман'),(2509,'Ubucd eqxaow','Роман'),(2510,'Kijmw vcfdzs','Роман'),(2511,'Vrrjl kkroqx','Роман'),(2512,'Aclpn hbclyv','Роман'),(2513,'Bsydw pqiyoj','Роман'),(2514,'Xemqx vaofzx','Роман'),(2515,'Qqcha hdhkhh','Роман'),(2516,'Ooobp xrenby','Роман'),(2517,'Gtugp zrpejz','Роман'),(2518,'Ezpzp orsddx','Роман'),(2519,'Lyemw oidurx','Роман'),(2520,'Uufui agdmqw','Роман'),(2521,'Xqamk pepijw','Роман'),(2522,'Wyhqd awcisd','Роман'),(2523,'Tnreg agkhte','Роман'),(2524,'Vcqre jslhvl','Роман'),(2525,'Yfurf wolbfb','Роман'),(2526,'Axdpc lqnwsx','Роман'),(2527,'Smhhn xvnlmw','Роман'),(2528,'Psewn spiuzc','Роман'),(2529,'Hvcny jjviky','Роман'),(2530,'Ovqaa pstuop','Роман'),(2531,'Rzdii kwzvqe','Роман'),(2532,'Dgbnz utvusp','Роман'),(2533,'Cgzsg hzioft','Роман'),(2534,'Yjjlf yogzjk','Роман'),(2535,'Hjeop vbaacw','Роман'),(2536,'Jwhzm xditrl','Роман'),(2537,'Higjd lnwpvm','Роман'),(2538,'Kpwxs ykeiks','Роман'),(2539,'Ysyvk tfiiuv','Роман'),(2540,'Ezrms dhikqe','Роман'),(2541,'Cyjnu kaqbrd','Роман'),(2542,'Mmcvp kyfyos','Роман'),(2543,'Aasmc vrgtqa','Роман'),(2544,'Kdwdu euprjn','Роман'),(2545,'Kjuoi fjmscu','Роман'),(2546,'Ezeea blextt','Роман'),(2547,'Ozguu hddero','Роман'),(2548,'Vjhqs yhleeq','Роман'),(2549,'Cpcax lazole','Роман'),(2550,'Vfgfc coteyq','Роман'),(2551,'Hqpuo inrygl','Роман'),(2552,'Wlkzh ylbgvw','Роман'),(2553,'Pffgi cxsvqn','Роман'),(2554,'Jasah ilqsmg','Роман'),(2555,'Vqhru qolfdr','Роман'),(2556,'Dmzxp vttumg','Роман'),(2557,'Uhabw ejqvor','Роман'),(2558,'Whmtz mzdtno','Роман'),(2559,'Raobj rtzmsx','Роман'),(2560,'Pruyx ajafbn','Роман'),(2561,'Jrloy wvqgze','Роман'),(2562,'Rvuka pjpmrw','Роман'),(2563,'Trifz pgaahq','Роман'),(2564,'Wclip kmyzwj','Роман'),(2565,'Xfzfc klzrap','Роман'),(2566,'Bqygf wrscje','Роман'),(2567,'Tvvye gzaxyg','Роман'),(2568,'Jvyph fntldd','Роман'),(2569,'Jjvyd itgspu','Роман'),(2570,'Dvsns beruwe','Роман'),(2571,'Wuzud zaawax','Роман'),(2572,'Ngtxx ekomjl','Роман'),(2573,'Azbsz dzfpxk','Роман'),(2574,'Ztfhd tdbzrb','Роман'),(2575,'Mzkym ymyslh','Роман'),(2576,'Icglu oupfup','Роман'),(2577,'Nzqsm kvkroa','Роман'),(2578,'Mwlmu kzqeit','Роман'),(2579,'Epphw warbja','Роман'),(2580,'Wjnwo ezfwgq','Роман'),(2581,'Lqwfg pzelui','Роман'),(2582,'Udyln lvkylp','Роман'),(2583,'Drvmy qwwlvg','Роман'),(2584,'Rafag quotwi','Роман'),(2585,'Crcvg dttdpf','Роман'),(2586,'Vxirr gzztwz','Роман'),(2587,'Mgazr jwusst','Роман'),(2588,'Vpwnm jaifle','Роман'),(2589,'Iuzsz kwjxcc','Роман'),(2590,'Ngjkx ugoxng','Роман'),(2591,'Tpylp qbawlm','Роман'),(2592,'Ajxmk nryukz','Роман'),(2593,'Bzqdg gcfhxn','Роман'),(2594,'Fyfkq tyahij','Роман'),(2595,'Edumw jvmklx','Роман'),(2596,'Rwomm uiotrv','Роман'),(2597,'Gknon knymtb','Роман'),(2598,'Zsxsj uqnwub','Роман'),(2599,'Iteoj ycriqd','Роман'),(2600,'Gxtbq toaedk','Роман'),(2601,'Ulpnt kphaxg','Роман'),(2602,'Kgmsw rpmued','Роман'),(2603,'Bvyrs odwvqs','Роман'),(2604,'Tzdhm lkapra','Роман'),(2605,'Ownvm chyhdo','Роман'),(2606,'Ezkai wmdudw','Роман'),(2607,'Jaspj ywrybg','Роман'),(2608,'Edlad lqfyrd','Роман'),(2609,'Nikak veuklv','Роман'),(2610,'Yswds gqvelp','Роман'),(2611,'Rfoio ueewcw','Роман'),(2612,'Ewbro dyfpsh','Роман'),(2613,'Hawjn pjipjw','Роман'),(2614,'Hjzey idygwb','Роман'),(2615,'Lfkml ftkoze','Роман'),(2616,'Sukcw kwfick','Роман'),(2617,'Byjmc kdzipf','Роман'),(2618,'Dhbxb yaeldv','Роман'),(2619,'Drkiw nltcze','Роман'),(2620,'Pebuw pwbbch','Роман'),(2621,'Tjzha hpgjhc','Роман'),(2622,'Fwnet wajjbn','Роман'),(2623,'Panhn ojdbsb','Роман'),(2624,'Zprup ebcyku','Роман'),(2625,'Xhpsh mqunkg','Роман'),(2626,'Oquor ayefdh','Роман'),(2627,'Uzjet uvbfck','Роман'),(2628,'Bqvog ngorcq','Роман'),(2629,'Mppfg husygh','Роман'),(2630,'Pjyyp wkohrw','Роман'),(2631,'Tkdcq xcnvev','Роман'),(2632,'Atbfe nhqupa','Роман'),(2633,'Fckxo bexbch','Роман'),(2634,'Wqbfd gvakhh','Роман'),(2635,'Jmmoe xpsqox','Роман'),(2636,'Nqaqo fcjthd','Роман'),(2637,'Cpqvz wngkow','Роман'),(2638,'Lloqp jqbuhw','Роман'),(2639,'Oyyny hdojba','Роман'),(2640,'Behvo whsihf','Роман'),(2641,'Aexxj atcxrm','Роман'),(2642,'Bitnu atllnd','Роман'),(2643,'Yodcg kgqhfl','Роман'),(2644,'Pzwof ftsaxk','Роман'),(2645,'Qvysa grmlpa','Роман'),(2646,'Cmqdd seypvi','Роман'),(2647,'Cvycz jwfswz','Роман'),(2648,'Tejhs kaezqj','Роман'),(2649,'Gvass cksaom','Роман'),(2650,'Pciiv nxgygi','Роман'),(2651,'Dregu ziyytw','Роман'),(2652,'Donpa xpqnnh','Роман'),(2653,'Wtkrk nnaoas','Роман'),(2654,'Sjrfs veicjj','Роман'),(2655,'Fytta calqxg','Роман'),(2656,'Hbzxi xatmdt','Роман'),(2657,'Jbgnt onlcfy','Роман'),(2658,'Auntl smnvxt','Роман'),(2659,'Dxifl hxnutu','Роман'),(2660,'Dxign tlaprl','Роман'),(2661,'Yqfdj eafcwy','Роман'),(2662,'Upxnr huimdt','Роман'),(2663,'Cxlwp dnahof','Роман'),(2664,'Huuti lniwpq','Роман'),(2665,'Bbbeu nqztci','Роман'),(2666,'Xgxdl ipkkko','Роман'),(2667,'Hmmif pgxhbi','Роман'),(2668,'Hiqvw cioobi','Роман'),(2669,'Rdzlp hvgsiw','Роман'),(2670,'Gnjgb feoobe','Роман'),(2671,'Luwbu gyiynd','Роман'),(2672,'Ezbrj vukvqc','Роман'),(2673,'Lrnmt vggsrw','Роман'),(2674,'Jtpoj agxdtj','Роман'),(2675,'Jyzol vzpeqb','Роман'),(2676,'Lsran gqeoan','Роман'),(2677,'Vncmd ntfogl','Роман'),(2678,'Qfspv xtlhow','Роман'),(2679,'Nzldk pxlozt','Роман'),(2680,'Xwdgq zqevgx','Роман'),(2681,'Uzptn tdifqn','Роман'),(2682,'Njqsq ofghme','Роман'),(2683,'Jzidg quikvp','Роман'),(2684,'Vgedn txpodw','Роман'),(2685,'Awpva jztyal','Роман'),(2686,'Ypyxn klcfhg','Роман'),(2687,'Gzmgy ydltep','Роман'),(2688,'Buwdv dsaqew','Роман'),(2689,'Xyfma qhrope','Роман'),(2690,'Zczpi yppecn','Роман'),(2691,'Mblih btvjnt','Роман'),(2692,'Jslys ceafqe','Роман'),(2693,'Kvfvu thqepg','Роман'),(2694,'Wiwll dymgrw','Роман'),(2695,'Udeci mrypzv','Роман'),(2696,'Wvfgn nyhlne','Роман'),(2697,'Yfwxi fugxjv','Роман'),(2698,'Oezmu gyipmu','Роман'),(2699,'Mvdpk hdtwnh','Роман'),(2700,'Wswrk bypoqf','Роман'),(2701,'Negza ommqpv','Роман'),(2702,'Ltlcz mmnswb','Роман'),(2703,'Xofoj wrmylf','Роман'),(2704,'Jcyjf xroynq','Роман'),(2705,'Heqlb ogtexp','Роман'),(2706,'Xjfuj icajgk','Роман'),(2707,'Vryqt divyvj','Роман'),(2708,'Ajwbn pmzjic','Роман'),(2709,'Pyaeh dhemku','Роман'),(2710,'Lzsbk djoikd','Роман'),(2711,'Tpmkk khgmcw','Роман'),(2712,'Elnhs iorjhv','Роман'),(2713,'Uwlud qvascy','Роман'),(2714,'Epbvj rjsjuf','Роман'),(2715,'Tiwfi wsyiug','Роман'),(2716,'Upaux wpjocx','Роман'),(2717,'Usgfa tjuhvw','Роман'),(2718,'Uhxuk oysgqk','Роман'),(2719,'Arlxa ynbaao','Роман'),(2720,'Gbjzf zvbbgo','Роман'),(2721,'Wqscs vlhkxn','Роман'),(2722,'Qapfy zdvosn','Роман'),(2723,'Luqok qjgfpw','Роман'),(2724,'Zyhwl goyybs','Роман'),(2725,'Uzftj pgtbkr','Роман'),(2726,'Lqglx woueet','Роман'),(2727,'Erxlv ksxkgz','Роман'),(2728,'Rxpui ajtypv','Роман'),(2729,'Uburu xjyxds','Роман'),(2730,'Arlht rfyakf','Роман'),(2731,'Glgva omqfum','Роман'),(2732,'Cnwlp cfmuxl','Роман'),(2733,'Grgrb cwehfe','Роман'),(2734,'Jzunt iukpyw','Роман'),(2735,'Jfcbb voifep','Роман'),(2736,'Cbbnn nxxccq','Роман'),(2737,'Tfguv ncnxxk','Роман'),(2738,'Ujnfq mxwatj','Роман'),(2739,'Ichsb ihscuo','Роман'),(2740,'Mxeri cjqlud','Роман'),(2741,'Umifk osxull','Роман'),(2742,'Dtyvl rqdgyd','Роман'),(2743,'Ikepc phsdct','Роман'),(2744,'Axige pcwxtn','Роман'),(2745,'Ltzqy ecxyvt','Роман'),(2746,'Nzqux drrdps','Роман'),(2747,'Ckoci pbtmci','Роман'),(2748,'Wywxo vzuhnb','Роман'),(2749,'Deywa egqzyt','Роман'),(2750,'Zsfol nqxbsf','Роман'),(2751,'Fmnsn obdyxi','Роман'),(2752,'Skgud ilxpot','Роман'),(2753,'Yrflz vkrwel','Роман'),(2754,'Noawv ixqqxu','Роман'),(2755,'Dsibu crqbjs','Роман'),(2756,'Ukjrh bfxehb','Роман'),(2757,'Orawb lyrwpi','Роман'),(2758,'Oxnir qaigee','Роман'),(2759,'Vbikg smdcra','Роман'),(2760,'Qtmzu lmfrrq','Роман'),(2761,'Hpdao xamsyd','Роман'),(2762,'Hixti pyheqg','Роман'),(2763,'Lursj glfgpu','Роман'),(2764,'Siclj npfjgm','Роман'),(2765,'Ghlqq idynmx','Роман'),(2766,'Ulakj dfkidi','Роман'),(2767,'Zwnkh rpfjhb','Роман'),(2768,'Fpxwc qgbaud','Роман'),(2769,'Xsymf evhkov','Роман'),(2770,'Pveys fhhsaa','Роман'),(2771,'Ozlqn rrovdi','Роман'),(2772,'Xnzsh dvcwps','Роман'),(2773,'Wbspe rlonoh','Роман'),(2774,'Bvukp sthgvw','Роман'),(2775,'Artjn ufiymb','Роман'),(2776,'Xqdyg opgkfd','Роман'),(2777,'Xhhpp kchkcm','Роман'),(2778,'Uscoo rswdzi','Роман'),(2779,'Kxumm lwxnnm','Роман'),(2780,'Onvpr kpnjzc','Роман'),(2781,'Zkhcy ohnvlg','Роман'),(2782,'Ttlzc gfjceq','Роман'),(2783,'Vtivr qxocam','Роман'),(2784,'Pdjnu kzywmf','Роман'),(2785,'Tcsov inmpow','Роман'),(2786,'Vousv ygzckl','Роман'),(2787,'Ssolg ouicxo','Роман'),(2788,'Mlxif tauqfy','Роман'),(2789,'Pdpxi sfchzg','Роман'),(2790,'Kesng ohhmrv','Роман'),(2791,'Punrc nummuk','Роман'),(2792,'Fayyx nisixd','Роман'),(2793,'Piwgk ighimu','Роман'),(2794,'Ggioc idfymj','Роман'),(2795,'Youdo zrkwzx','Роман'),(2796,'Lzxde igdgbc','Роман'),(2797,'Xtoze zimjys','Роман'),(2798,'Wqkcq lauszb','Роман'),(2799,'Oqdhx iowmpw','Роман'),(2800,'Xdmrv wquohl','Роман'),(2801,'Closd gmpqjj','Роман'),(2802,'Bmqvu kfwipz','Роман'),(2803,'Imrgi nupndk','Роман'),(2804,'Yynhd izwgak','Роман'),(2805,'Lqmgw gqmhnw','Роман'),(2806,'Acfps wwccvd','Роман'),(2807,'Qqoin htnltk','Роман'),(2808,'Ujnoj rddysu','Роман'),(2809,'Cohax aemktf','Роман'),(2810,'Xsujy ecmgbj','Роман'),(2811,'Pkcmw gsybaj','Роман'),(2812,'Kfwit ouodaz','Роман'),(2813,'Isrju eibvyh','Роман'),(2814,'Syata hyvctf','Роман'),(2815,'Jkbbs ciqjuw','Роман'),(2816,'Ubnev rdzqjx','Роман'),(2817,'Kjyzf etdpzd','Роман'),(2818,'Uoiqc uayhjk','Роман'),(2819,'Olath keeltp','Роман'),(2820,'Pmjpe cxduio','Роман'),(2821,'Uigpr dtpcmn','Роман'),(2822,'Pselc lklelo','Роман'),(2823,'Wcdlu kxwraa','Роман'),(2824,'Zgokn uyqdfq','Роман'),(2825,'Ksptu enbuum','Роман'),(2826,'Kdhfa evzsuk','Роман'),(2827,'Rbeel dbasyl','Роман'),(2828,'Lhymd aezhrz','Роман'),(2829,'Gwxwz jlobhu','Роман'),(2830,'Pccin yttwxb','Роман'),(2831,'Unfgm kerrpv','Роман'),(2832,'Eplvi aqnogt','Роман'),(2833,'Iklvl yufyfa','Роман'),(2834,'Jfjme lpoema','Роман'),(2835,'Jlijl bckjvu','Роман'),(2836,'Tcdlo xbfprl','Роман'),(2837,'Jtyij prignt','Роман'),(2838,'Odsij eyealj','Роман'),(2839,'Vykpr nzvdkk','Роман'),(2840,'Etfdr ikcucj','Роман'),(2841,'Tmjic euayxz','Роман'),(2842,'Qunvr gglyyu','Роман'),(2843,'Qukuf dicrdi','Роман'),(2844,'Heatw fqjrrb','Роман'),(2845,'Knkks yavcem','Роман'),(2846,'Reouk ksangl','Роман'),(2847,'Sfkhc lxjisv','Роман'),(2848,'Ixona ijqwzp','Роман'),(2849,'Yfzas clsrij','Роман'),(2850,'Tbntt zbebrd','Роман'),(2851,'Xbcxi gfdkwb','Роман'),(2852,'Kelvw izaivu','Роман'),(2853,'Dwmvj glerze','Роман'),(2854,'Tkgji wqbbgr','Роман'),(2855,'Iczlz ithunq','Роман'),(2856,'Tuvri nhohzi','Роман'),(2857,'Rbpzc qlluvt','Роман'),(2858,'Qmfmt kywuvf','Роман'),(2859,'Enlkv ibwqbv','Роман'),(2860,'Xqcfz olgnaj','Роман'),(2861,'Hdiao ylbpsl','Роман'),(2862,'Qctkk spxtdc','Роман'),(2863,'Vdmbp fbugsx','Роман'),(2864,'Psudn jwktxw','Роман'),(2865,'Vynmp rkeqco','Роман'),(2866,'Fegwp wjoekf','Роман'),(2867,'Ctwso xusggd','Роман'),(2868,'Waral uzsmmk','Роман'),(2869,'Obzqi kipppq','Роман'),(2870,'Kvahv grfxuv','Роман'),(2871,'Wlyaa ylrvra','Роман'),(2872,'Akaca urrldn','Роман'),(2873,'Okord cqkajm','Роман'),(2874,'Znqxn wpmjgb','Роман'),(2875,'Edple qowwjc','Роман'),(2876,'Pvmlp nbbpiy','Роман'),(2877,'Svvux jmkagw','Роман'),(2878,'Nntjk pgotbt','Роман'),(2879,'Muqiw ijrnjs','Роман'),(2880,'Sjzkt nyyiaq','Роман'),(2881,'Fcifv fysshu','Роман'),(2882,'Licxv jizbwr','Роман'),(2883,'Luscp zwkgzn','Роман'),(2884,'Cpjuh dqpwia','Роман'),(2885,'Iuvsr kksdza','Роман'),(2886,'Rigtx riglcl','Роман'),(2887,'Ajklq mlahdd','Роман'),(2888,'Csztu vgkgun','Роман'),(2889,'Tllic weszgj','Роман'),(2890,'Vbzzg mijmvf','Роман'),(2891,'Soruf egvngn','Роман'),(2892,'Ftkfz qmcann','Роман'),(2893,'Pykir tjdnpn','Роман'),(2894,'Eczbs yukbdx','Роман'),(2895,'Sptnm tghjap','Роман'),(2896,'Eltyg pvvqtu','Роман'),(2897,'Vqnon dakfcw','Роман'),(2898,'Vaqnd uoxpah','Роман'),(2899,'Nubpw jpmbem','Роман'),(2900,'Mbrni uipiei','Роман'),(2901,'Dsmut xgwyyf','Роман'),(2902,'Fujwa ygjlwn','Роман'),(2903,'Zwgic xanimd','Роман'),(2904,'Cqpqz fqennp','Роман'),(2905,'Ybncg cudjkv','Роман'),(2906,'Gjyaf akmqaq','Роман'),(2907,'Xjnmr kvyloj','Роман'),(2908,'Jkrjd latyiz','Роман'),(2909,'Igzpg vnffxo','Роман'),(2910,'Kijsk uxgeel','Роман'),(2911,'Tdkpx sxqiwi','Роман'),(2912,'Kbnuj aksvqw','Роман'),(2913,'Nqbkr cmjxuv','Роман'),(2914,'Rgixr nfcfgx','Роман'),(2915,'Xqkkt aevhyt','Роман'),(2916,'Sfaco twojpm','Роман'),(2917,'Flhwg epsisi','Роман'),(2918,'Vdbgn glnkqn','Роман'),(2919,'Fopbw sgmmqi','Роман'),(2920,'Xwlwb fxrrpw','Роман'),(2921,'Xeqip zymgjq','Роман'),(2922,'Lclnh ooeiyp','Роман'),(2923,'Gfdoi dzvnnf','Роман'),(2924,'Pbbdg xvldtj','Роман'),(2925,'Egwqf zzzkwt','Роман'),(2926,'Fxfim zpeqbn','Роман'),(2927,'Qqadq xaucat','Роман'),(2928,'Ymedv ruouzu','Роман'),(2929,'Lhhfj pjpktk','Роман'),(2930,'Gnrik lbbxlk','Роман'),(2931,'Ggrti bkzykg','Роман'),(2932,'Euakt joydin','Роман'),(2933,'Yupyz fonjtm','Роман'),(2934,'Uidmz lzyito','Роман'),(2935,'Symns rgntex','Роман'),(2936,'Yosuc zaszbn','Роман'),(2937,'Fnzds ywrgix','Роман'),(2938,'Ctows xwltrh','Роман'),(2939,'Beayd xkdxya','Роман'),(2940,'Lmqul byuavi','Роман'),(2941,'Yowqr mraxuh','Роман'),(2942,'Iccac mdvqvs','Роман'),(2943,'Mtxbh oryrbx','Роман'),(2944,'Pkbvj mqvfxt','Роман'),(2945,'Ppphp nbeiyj','Роман'),(2946,'Vapfs rqnmbk','Роман'),(2947,'Kdeov auqpeq','Роман'),(2948,'Irtfr lmesbj','Роман'),(2949,'Kmeqc rmmgvj','Роман'),(2950,'Thmoo irshrv','Роман'),(2951,'Ahjps oilmkl','Роман'),(2952,'Kqeqg lpbfzl','Роман'),(2953,'Tmeqq waaqqz','Роман'),(2954,'Lyxee lttlem','Роман'),(2955,'Fwvne jstnhr','Роман'),(2956,'Yapnz kvbzzr','Роман'),(2957,'Cddwo iycwvq','Роман'),(2958,'Xoioa mblyfp','Роман'),(2959,'Khohf nxxyok','Роман'),(2960,'Ycolg slmsda','Роман'),(2961,'Ucshq djtlpu','Роман'),(2962,'Hoqfs nwgoai','Роман'),(2963,'Bwvgd xmkvss','Роман'),(2964,'Sella volakl','Роман'),(2965,'Xexen voolux','Роман'),(2966,'Sfoxa dlwjqw','Роман'),(2967,'Zcidf iwsabw','Роман'),(2968,'Idfmw fyksuy','Роман'),(2969,'Keffs ibcjwi','Роман'),(2970,'Hsooe ulrgbd','Роман'),(2971,'Gebrc gokxcq','Роман'),(2972,'Tmsux nhkosu','Роман'),(2973,'Sftqw bujwqd','Роман'),(2974,'Paslk gdyufc','Роман'),(2975,'Phxit eeqrgr','Роман'),(2976,'Oqdwd bircyn','Роман'),(2977,'Ukpcn petlyj','Роман'),(2978,'Iscut nqcega','Роман'),(2979,'Gbwuq nvxpwm','Роман'),(2980,'Zezpe iriqbh','Роман'),(2981,'Mnzza qurvrh','Роман'),(2982,'Wcfxa yohekf','Роман'),(2983,'Bjyyv nobxxh','Роман'),(2984,'Ofued qgtfyn','Роман'),(2985,'Pguyh gpnucz','Роман'),(2986,'Cbbkm wqtnpl','Роман'),(2987,'Edifn janpnv','Роман'),(2988,'Wfqek ogwxua','Роман'),(2989,'Rqzxo qsbdro','Роман'),(2990,'Tmxfc tumehd','Роман'),(2991,'Reuer mzqxyl','Роман'),(2992,'Oommv nqrhwv','Роман'),(2993,'Wnhhx fzqcuw','Роман'),(2994,'Oqubc hfqwcc','Роман'),(2995,'Rgwim lewajp','Роман'),(2996,'Wphtx bwpglt','Роман'),(2997,'Txqmr qwocgg','Роман'),(2998,'Xuhwo ifxlav','Роман'),(2999,'Sijsy qszxju','Роман'),(3000,'Pmcwy xaihjt','Роман'),(3001,'Nuzbo kxqabt','Роман'),(3002,'Pjiho cirspv','Роман'),(3003,'Zcplr zylhsb','Роман'),(3004,'Nleks kfcehy','Роман'),(3005,'Tovfu bobfrb','Роман'),(3006,'Zzaik esplxj','Роман'),(3007,'Npkkh trezgi','Роман'),(3008,'Jdnws sezzzb','Роман'),(3009,'Niaeu tcgcin','Роман'),(3010,'Lrmlv vqvfur','Роман'),(3011,'Sceeh vkqmwd','Роман'),(3012,'Wlzzz xarxue','Роман'),(3013,'Mxfva tzsmus','Роман'),(3014,'Bgwhl qqahnw','Роман'),(3015,'Sveji crjqdq','Роман'),(3016,'Yaffw jomhhh','Роман'),(3017,'Acvoy pxlupu','Роман');
/*!40000 ALTER TABLE `products` ENABLE KEYS */;

--
-- Table structure for table `products2`
--

DROP TABLE IF EXISTS `products2`;
/*!40101 SET @saved_cs_client     = @@character_set_client */;
/*!50503 SET character_set_client = utf8mb4 */;
CREATE TABLE `products2` (
  `id` mediumint(9) NOT NULL,
  `title` varchar(30) NOT NULL,
  `type` varchar(20) NOT NULL,
  PRIMARY KEY (`id`)
) ENGINE=InnoDB DEFAULT CHARSET=utf8mb4 COLLATE=utf8mb4_0900_ai_ci;
/*!40101 SET character_set_client = @saved_cs_client */;

--
-- Dumping data for table `products2`
--

/*!40000 ALTER TABLE `products2` DISABLE KEYS */;
INSERT INTO `products2` VALUES (6,'Репка','Сказка'),(7,'Вам меня не испугать','Роман'),(8,'Скандинавские боги','Роман'),(9,'Хроники','Биография'),(10,'Сказка о царе Салтане','Сказка'),(11,'У лукоморья дуб зелёный','Сказка'),(16,'Двенадцать стульев','Роман'),(17,'Остров мира','Пьесса'),(18,'Анна Каренина','Роман'),(19,'Стив Джобс','Биография'),(20,'Американские боги','Роман'),(21,'Конёк-Горбунок','Сказка'),(22,'Ворона и Лисица','Басня'),(23,'Краткая история времени','Энциклопедия'),(25,'Война и мир','Роман');
/*!40000 ALTER TABLE `products2` ENABLE KEYS */;
/*!40103 SET TIME_ZONE=@OLD_TIME_ZONE */;

/*!40101 SET SQL_MODE=@OLD_SQL_MODE */;
/*!40014 SET FOREIGN_KEY_CHECKS=@OLD_FOREIGN_KEY_CHECKS */;
/*!40014 SET UNIQUE_CHECKS=@OLD_UNIQUE_CHECKS */;
/*!40101 SET CHARACTER_SET_CLIENT=@OLD_CHARACTER_SET_CLIENT */;
/*!40101 SET CHARACTER_SET_RESULTS=@OLD_CHARACTER_SET_RESULTS */;
/*!40101 SET COLLATION_CONNECTION=@OLD_COLLATION_CONNECTION */;
/*!40111 SET SQL_NOTES=@OLD_SQL_NOTES */;

-- Dump completed on 2019-12-15 15:33:46
